method_key,method,budget,prompt_count,decode_rounds,equal_prompt_mean_matched_draft_tokens,round_weighted_mean_matched_draft_tokens,equal_prompt_mean_committed_tokens,round_weighted_full_block_acceptance,equal_prompt_mean_tokens_per_second,equal_prompt_mean_milliseconds_per_token,sequential_exact_matches,matched_ci_low,matched_ci_high
dflash2,DFlash2-GreedyPath,7,160,25038,2.591803601473466,2.1961418643661634,3.5762004354717662,0.09353782250978512,67.07345591081418,16.65583804782871,21,2.4068297943361685,2.786206083328958
dflash2_unary_k16_tb8,Unary-FullMass,8,160,22401,2.8663611832579106,2.531940538368823,3.847424691576914,0.0807999642873086,68.96166678570123,15.732435122410735,23,2.6954993170733728,3.039803323667194
dflash2_unary_k16_tb16,Unary-FullMass,16,160,20922,3.187449304293843,2.905840741802887,4.1690582167734105,0.1200172067679954,74.71357465301179,14.493798566698938,21,3.0091412642294944,3.370087142073662
dflash2_unary_k16_tb32,Unary-FullMass,32,160,19070,3.423666510710133,3.0622443628736233,4.402783435059026,0.12506554798112218,78.41991461128167,13.692331235206103,20,3.24744008499652,3.604268120125659
dflash2_unary_k16_tb64,Unary-FullMass,64,160,18236,3.6444610563357585,3.3112524676464137,4.6260900051590355,0.1492651897345909,80.32886055561141,13.34307151809478,21,3.4663229826492805,3.8243728791229086
dflash2_pairwise_k16_tb8,Pairwise-MassPreserving,8,160,21578,3.0086062002997793,2.6750857354713133,3.9872422279434865,0.08870145518583743,71.09187418359595,15.273150031758906,23,2.829708675331039,3.1895503387600477
dflash2_pairwise_k16_tb16,Pairwise-MassPreserving,16,160,19254,3.407106344735182,3.0531837540251376,4.386363322559565,0.12776565908382673,78.33825734898888,13.87120761790798,22,3.2167050356352354,3.6002892239515933
dflash2_pairwise_k16_tb32,Pairwise-MassPreserving,32,160,18152,3.7658870369750304,3.5087042750110182,4.743064167933703,0.1883539003966505,84.02395392488009,12.81336475092428,23,3.570533838495791,3.9636895085487045
dflash2_pairwise_k16_tb64,Pairwise-MassPreserving,64,160,16930,4.021022797970131,3.7290017720023627,4.996293107847009,0.2051978735971648,86.29346881816132,12.443133989645201,23,3.8273896117121513,4.216014020762943
