method,budget,offline_frozen_trace_round_weighted_mean,online_observed_round_weighted_mean,online_minus_offline
DFlash2-GreedyPath,7,3.9059069524307373,2.1961418643661634,-1.7097650880645738
Unary-FullMass,8,3.991636173549399,2.531940538368823,-1.459695635180576
Unary-FullMass,16,4.38421327757449,2.905840741802887,-1.4783725357716033
Unary-FullMass,32,4.657083115525353,3.0622443628736233,-1.5948387526517296
Unary-FullMass,64,4.851019341348667,3.3112524676464137,-1.539766873702253
Pairwise-MassPreserving,8,4.26032409827496,2.6750857354713133,-1.585238362803647
Pairwise-MassPreserving,16,4.8186095138525875,3.0531837540251376,-1.7654257598274499
Pairwise-MassPreserving,32,5.143230527966545,3.5087042750110182,-1.634526252955527
Pairwise-MassPreserving,64,5.397804495556717,3.7290017720023627,-1.6688027235543546
