dataset,budget,trajectory_method,support_k,depth,observed_rounds,target_token_inclusion,prefix_representability
GSM8K,8,Unary-K16,16,1,7499,0.9977330310708095,0.9977330310708095
GSM8K,8,Unary-K16,16,2,7487,0.9778282356083878,0.9764925871510618
GSM8K,8,Unary-K16,16,3,7467,0.9469666532744074,0.9345118521494576
GSM8K,8,Unary-K16,16,4,7442,0.9091642031711905,0.8770491803278688
GSM8K,8,Unary-K16,16,5,7426,0.8839213573929438,0.8195529221653649
GSM8K,8,Unary-K16,16,6,7405,0.8544226873733963,0.7578663065496286
GSM8K,8,Unary-K16,16,7,7385,0.8220717670954638,0.6912660798916723
GSM8K,8,Unary-K32,32,1,7509,0.9990677853242775,0.9990677853242775
GSM8K,8,Unary-K32,32,2,7497,0.9883953581432573,0.9878618113912232
GSM8K,8,Unary-K32,32,3,7474,0.9693604495584693,0.9614664169119614
GSM8K,8,Unary-K32,32,4,7452,0.9354535695115406,0.9133118625872249
GSM8K,8,Unary-K32,32,5,7437,0.9224149522656986,0.872394782842544
GSM8K,8,Unary-K32,32,6,7416,0.8999460625674218,0.8214670981661273
GSM8K,8,Unary-K32,32,7,7396,0.8789886425094646,0.7658193618171985
GSM8K,8,Unary-K64,64,1,7451,0.9994631593074755,0.9994631593074755
GSM8K,8,Unary-K64,64,2,7439,0.9940852265089394,0.9938163731684366
GSM8K,8,Unary-K64,64,3,7416,0.9807173678532902,0.9758629989212514
GSM8K,8,Unary-K64,64,4,7395,0.9542934415145369,0.937525354969574
GSM8K,8,Unary-K64,64,5,7379,0.9489090662691422,0.9074400325247324
GSM8K,8,Unary-K64,64,6,7358,0.9338135362870346,0.8685784180483828
GSM8K,8,Unary-K64,64,7,7338,0.9217770509675661,0.830335241210139
GSM8K,8,Pairwise-K16,16,1,7095,0.9976039464411558,0.9976039464411558
GSM8K,8,Pairwise-K16,16,2,7077,0.976967641656069,0.9751307051010315
GSM8K,8,Pairwise-K16,16,3,7061,0.9490157201529529,0.9358447811924656
GSM8K,8,Pairwise-K16,16,4,7045,0.9112845990063875,0.8784953867991483
GSM8K,8,Pairwise-K16,16,5,7026,0.885710219185881,0.8226586962709934
GSM8K,8,Pairwise-K16,16,6,7013,0.8568373021531441,0.761015257379153
GSM8K,8,Pairwise-K16,16,7,6986,0.8206412825651302,0.6938162038362439
GSM8K,16,Unary-K16,16,1,6982,0.9967058149527356,0.9967058149527356
GSM8K,16,Unary-K16,16,2,6970,0.9764705882352941,0.9740315638450502
GSM8K,16,Unary-K16,16,3,6948,0.9476108232584917,0.9352331606217616
GSM8K,16,Unary-K16,16,4,6933,0.9078321073128516,0.8762440501947208
GSM8K,16,Unary-K16,16,5,6915,0.8831525668835865,0.8186550976138829
GSM8K,16,Unary-K16,16,6,6896,0.8528132250580046,0.7585556844547564
GSM8K,16,Unary-K16,16,7,6866,0.819254296533644,0.690649577628896
GSM8K,16,Unary-K32,32,1,6996,0.998570611778159,0.998570611778159
GSM8K,16,Unary-K32,32,2,6983,0.9876843763425461,0.9865387369325505
GSM8K,16,Unary-K32,32,3,6962,0.9675380637747774,0.9596380350474002
GSM8K,16,Unary-K32,32,4,6946,0.9386697379786928,0.9126115750071984
GSM8K,16,Unary-K32,32,5,6928,0.9197459584295612,0.8677829099307159
GSM8K,16,Unary-K32,32,6,6910,0.9014471780028943,0.8205499276410999
GSM8K,16,Unary-K32,32,7,6880,0.8789244186046512,0.765843023255814
GSM8K,16,Unary-K64,64,1,6984,0.9991408934707904,0.9991408934707904
GSM8K,16,Unary-K64,64,2,6972,0.9939759036144579,0.9934021801491681
GSM8K,16,Unary-K64,64,3,6951,0.9807221982448568,0.9761185440943749
GSM8K,16,Unary-K64,64,4,6936,0.9574682814302191,0.9404555940023068
GSM8K,16,Unary-K64,64,5,6918,0.9478172882335936,0.9074877132119109
GSM8K,16,Unary-K64,64,6,6900,0.937536231884058,0.8724637681159421
GSM8K,16,Unary-K64,64,7,6869,0.9215315184160722,0.8346193041199592
GSM8K,16,Pairwise-K16,16,1,6692,0.9971607890017932,0.9971607890017932
GSM8K,16,Pairwise-K16,16,2,6676,0.9751348112642301,0.9731875374475734
GSM8K,16,Pairwise-K16,16,3,6665,0.9492873218304576,0.9357839459864966
GSM8K,16,Pairwise-K16,16,4,6647,0.9107868211223108,0.8790431773732511
GSM8K,16,Pairwise-K16,16,5,6634,0.8860416038589086,0.824238769972867
GSM8K,16,Pairwise-K16,16,6,6608,0.8569915254237288,0.763317191283293
GSM8K,16,Pairwise-K16,16,7,6591,0.8199059323319678,0.6918525261720528
GSM8K,32,Unary-K16,16,1,6661,0.9974478306560577,0.9974478306560577
GSM8K,32,Unary-K16,16,2,6648,0.9774368231046932,0.9756317689530686
GSM8K,32,Unary-K16,16,3,6626,0.9489888318744341,0.9387262300030184
GSM8K,32,Unary-K16,16,4,6612,0.9083484573502723,0.8794615849969752
GSM8K,32,Unary-K16,16,5,6598,0.8831464080024249,0.8216126098817823
GSM8K,32,Unary-K16,16,6,6579,0.8566651466788265,0.7633378932968536
GSM8K,32,Unary-K16,16,7,6550,0.8198473282442749,0.6957251908396946
GSM8K,32,Unary-K32,32,1,6770,0.9985228951255539,0.9985228951255539
GSM8K,32,Unary-K32,32,2,6758,0.9884581237052382,0.9874223142941698
GSM8K,32,Unary-K32,32,3,6737,0.9680866854683093,0.9621493246252041
GSM8K,32,Unary-K32,32,4,6722,0.9387087176435585,0.9149062778934841
GSM8K,32,Unary-K32,32,5,6708,0.9196481812760883,0.8706022659511031
GSM8K,32,Unary-K32,32,6,6687,0.9042919096754898,0.8253327351577688
GSM8K,32,Unary-K32,32,7,6659,0.8825649496921459,0.7733893978074786
GSM8K,32,Unary-K64,64,1,6738,0.9994063520332442,0.9994063520332442
GSM8K,32,Unary-K64,64,2,6725,0.9943494423791821,0.9940520446096655
GSM8K,32,Unary-K64,64,3,6702,0.9814980602805132,0.9783646672635035
GSM8K,32,Unary-K64,64,4,6688,0.958433014354067,0.9425837320574163
GSM8K,32,Unary-K64,64,5,6675,0.9469662921348314,0.9102621722846442
GSM8K,32,Unary-K64,64,6,6656,0.9353966346153846,0.8745492788461539
GSM8K,32,Unary-K64,64,7,6627,0.923947487550928,0.8376339218349178
GSM8K,32,Pairwise-K16,16,1,6102,0.9972140281874795,0.9972140281874795
GSM8K,32,Pairwise-K16,16,2,6088,0.9747043363994744,0.9732260183968463
GSM8K,32,Pairwise-K16,16,3,6067,0.9523652546563376,0.9391791659798913
GSM8K,32,Pairwise-K16,16,4,6049,0.9112249958670855,0.8826252273102992
GSM8K,32,Pairwise-K16,16,5,6034,0.8856479946967186,0.8256546237984753
GSM8K,32,Pairwise-K16,16,6,6014,0.8603259062188228,0.7638842700365813
GSM8K,32,Pairwise-K16,16,7,5997,0.8264132066033016,0.6976821744205436
GSM8K,64,Unary-K16,16,1,6331,0.9977886589796241,0.9977886589796241
GSM8K,64,Unary-K16,16,2,6317,0.978312490106063,0.976571157194871
GSM8K,64,Unary-K16,16,3,6304,0.9509835025380711,0.9414657360406091
GSM8K,64,Unary-K16,16,4,6284,0.9119987269255252,0.8835136855506047
GSM8K,64,Unary-K16,16,5,6272,0.8882334183673469,0.8298788265306123
GSM8K,64,Unary-K16,16,6,6247,0.8613734592604451,0.7669281255002401
GSM8K,64,Unary-K16,16,7,6220,0.8278135048231511,0.702572347266881
GSM8K,64,Unary-K32,32,1,6345,0.9988967691095351,0.9988967691095351
GSM8K,64,Unary-K32,32,2,6332,0.988945041061276,0.9879974731522426
GSM8K,64,Unary-K32,32,3,6319,0.9711979743630321,0.9643931001740782
GSM8K,64,Unary-K32,32,4,6300,0.9395238095238095,0.9177777777777778
GSM8K,64,Unary-K32,32,5,6288,0.9212786259541985,0.8761132315521628
GSM8K,64,Unary-K32,32,6,6266,0.9061602298116821,0.8292371528886052
GSM8K,64,Unary-K32,32,7,6237,0.8832772166105499,0.7782587782587782
GSM8K,64,Unary-K64,64,1,6334,0.9996842437638144,0.9996842437638144
GSM8K,64,Unary-K64,64,2,6320,0.9946202531645569,0.9944620253164557
GSM8K,64,Unary-K64,64,3,6307,0.982717615348026,0.9795465355953702
GSM8K,64,Unary-K64,64,4,6288,0.9581743002544529,0.9429071246819338
GSM8K,64,Unary-K64,64,5,6275,0.9454980079681274,0.9110756972111553
GSM8K,64,Unary-K64,64,6,6252,0.9384197056941779,0.877959053103007
GSM8K,64,Unary-K64,64,7,6225,0.9256224899598393,0.8443373493975903
GSM8K,64,Pairwise-K16,16,1,5837,0.9979441493918109,0.9979441493918109
GSM8K,64,Pairwise-K16,16,2,5818,0.9769680302509454,0.9757648676521141
GSM8K,64,Pairwise-K16,16,3,5801,0.953456300637821,0.9419065678331322
GSM8K,64,Pairwise-K16,16,4,5783,0.9125021615078679,0.8837973370223068
GSM8K,64,Pairwise-K16,16,5,5768,0.8893897364771152,0.830617198335645
GSM8K,64,Pairwise-K16,16,6,5752,0.8610917941585535,0.7719054242002782
GSM8K,64,Pairwise-K16,16,7,5734,0.8294384373910011,0.7064876177188699
MATH500,8,Unary-K16,16,1,17972,0.9971066102826619,0.9971066102826619
MATH500,8,Unary-K16,16,2,17953,0.9818971759594497,0.9805603520303013
MATH500,8,Unary-K16,16,3,17937,0.956291464570441,0.945029826615376
MATH500,8,Unary-K16,16,4,17926,0.9288742608501618,0.8989735579605043
MATH500,8,Unary-K16,16,5,17911,0.9040254592150075,0.8481380157445145
MATH500,8,Unary-K16,16,6,17885,0.874308079396142,0.7926195135588482
MATH500,8,Unary-K16,16,7,17859,0.8485917464583683,0.7346995912425108
MATH500,8,Unary-K32,32,1,18213,0.9984077307417778,0.9984077307417778
MATH500,8,Unary-K32,32,2,18193,0.9898862199747156,0.98928159182103
MATH500,8,Unary-K32,32,3,18175,0.97353507565337,0.9664924346629986
MATH500,8,Unary-K32,32,4,18166,0.9551910161840802,0.9337773863261037
MATH500,8,Unary-K32,32,5,18147,0.9372348046509065,0.8948035487959443
MATH500,8,Unary-K32,32,6,18123,0.9197704574297854,0.8528389339513326
MATH500,8,Unary-K32,32,7,18093,0.9023931907367491,0.8075498811695131
MATH500,8,Unary-K64,64,1,18199,0.9988460904445299,0.9988460904445299
MATH500,8,Unary-K64,64,2,18178,0.9954890527010672,0.9948839256243811
MATH500,8,Unary-K64,64,3,18161,0.9849127250702053,0.9813886900501074
MATH500,8,Unary-K64,64,4,18149,0.9738277591051848,0.9608242878395504
MATH500,8,Unary-K64,64,5,18131,0.9619436324527053,0.934366554519883
MATH500,8,Unary-K64,64,6,18107,0.9525597835091401,0.9046225216766997
MATH500,8,Unary-K64,64,7,18078,0.9394291403916363,0.8706162186082531
MATH500,8,Pairwise-K16,16,1,16347,0.9972472013213434,0.9972472013213434
MATH500,8,Pairwise-K16,16,2,16332,0.9820597599804065,0.980835170217977
MATH500,8,Pairwise-K16,16,3,16307,0.9572576194272399,0.9469552952719691
MATH500,8,Pairwise-K16,16,4,16289,0.927312910553134,0.8987046473079993
MATH500,8,Pairwise-K16,16,5,16272,0.9012413962635202,0.845562930186824
MATH500,8,Pairwise-K16,16,6,16255,0.8713011381113503,0.7881882497693018
MATH500,8,Pairwise-K16,16,7,16234,0.8447086361956387,0.7316742638906
MATH500,16,Unary-K16,16,1,16606,0.9970492593038661,0.9970492593038661
MATH500,16,Unary-K16,16,2,16592,0.9822203471552555,0.9810752169720347
MATH500,16,Unary-K16,16,3,16572,0.9587255611875453,0.9481655804972242
MATH500,16,Unary-K16,16,4,16558,0.925413697306438,0.8996859524097113
MATH500,16,Unary-K16,16,5,16546,0.9010032636286716,0.8467907651396108
MATH500,16,Unary-K16,16,6,16516,0.8693993703075805,0.7876604504722693
MATH500,16,Unary-K16,16,7,16489,0.8485657104736491,0.7329734974831706
MATH500,16,Unary-K32,32,1,16298,0.998588783899865,0.998588783899865
MATH500,16,Unary-K32,32,2,16281,0.9901725938210184,0.989742644800688
MATH500,16,Unary-K32,32,3,16266,0.9750399606541251,0.9682773884175581
MATH500,16,Unary-K32,32,4,16252,0.9561284764952006,0.9369308392813193
MATH500,16,Unary-K32,32,5,16240,0.9418103448275862,0.9008004926108374
MATH500,16,Unary-K32,32,6,16214,0.919452325151104,0.8556186012088318
MATH500,16,Unary-K32,32,7,16183,0.9050237903973305,0.810480133473398
MATH500,16,Unary-K64,64,1,16724,0.9991628796938531,0.9991628796938531
MATH500,16,Unary-K64,64,2,16708,0.9952118745511133,0.9948527651424467
MATH500,16,Unary-K64,64,3,16689,0.9872371022829408,0.983402240997064
MATH500,16,Unary-K64,64,4,16678,0.9728384698405085,0.9618059719390815
MATH500,16,Unary-K64,64,5,16665,0.9626162616261627,0.935973597359736
MATH500,16,Unary-K64,64,6,16641,0.9498828195420949,0.9031909140075717
MATH500,16,Unary-K64,64,7,16611,0.9436517970019866,0.8723135271807838
MATH500,16,Pairwise-K16,16,1,15503,0.9961942849771012,0.9961942849771012
MATH500,16,Pairwise-K16,16,2,15489,0.9837949512557299,0.9818580928400801
MATH500,16,Pairwise-K16,16,3,15469,0.9577865408235826,0.9481543732626544
MATH500,16,Pairwise-K16,16,4,15451,0.9279011067244839,0.9000711928030548
MATH500,16,Pairwise-K16,16,5,15435,0.8991253644314868,0.8466472303206997
MATH500,16,Pairwise-K16,16,6,15409,0.8747485235901097,0.7921993640080472
MATH500,16,Pairwise-K16,16,7,15390,0.8481481481481481,0.735672514619883
MATH500,32,Unary-K16,16,1,15986,0.99693481796572,0.99693481796572
MATH500,32,Unary-K16,16,2,15971,0.9833448124726066,0.9820299292467598
MATH500,32,Unary-K16,16,3,15961,0.9567696259632855,0.9468078441200426
MATH500,32,Unary-K16,16,4,15946,0.9286968518750784,0.900664743509344
MATH500,32,Unary-K16,16,5,15931,0.9037725189881364,0.8489109283786328
MATH500,32,Unary-K16,16,6,15903,0.871848078978809,0.7909199522102748
MATH500,32,Unary-K16,16,7,15874,0.8455965730124733,0.7342824744865818
MATH500,32,Unary-K32,32,1,15698,0.9983437380558033,0.9983437380558033
MATH500,32,Unary-K32,32,2,15684,0.9908186687069626,0.9904361132364193
MATH500,32,Unary-K32,32,3,15672,0.975816743236345,0.9699464012251149
MATH500,32,Unary-K32,32,4,15659,0.9541477744428124,0.9365221278497988
MATH500,32,Unary-K32,32,5,15646,0.941326856704589,0.9000383484596702
MATH500,32,Unary-K32,32,6,15618,0.9187475989243181,0.8546548853886541
MATH500,32,Unary-K32,32,7,15590,0.9039769082745349,0.8098139833226428
MATH500,32,Unary-K64,64,1,16238,0.9991994087941864,0.9991994087941864
MATH500,32,Unary-K64,64,2,16224,0.9956854043392505,0.9955004930966469
MATH500,32,Unary-K64,64,3,16211,0.9866140275121831,0.9838381345999629
MATH500,32,Unary-K64,64,4,16198,0.9715396962587974,0.9604889492529942
MATH500,32,Unary-K64,64,5,16180,0.9632262051915945,0.9348578491965389
MATH500,32,Unary-K64,64,6,16157,0.9526521012564214,0.9051185244785542
MATH500,32,Unary-K64,64,7,16129,0.9409758819517638,0.8720317440634882
MATH500,32,Pairwise-K16,16,1,14744,0.9971513836136734,0.9971513836136734
MATH500,32,Pairwise-K16,16,2,14733,0.9830312903006856,0.9818095432023349
MATH500,32,Pairwise-K16,16,3,14720,0.9597146739130434,0.95
MATH500,32,Pairwise-K16,16,4,14706,0.930436556507548,0.9043247654018768
MATH500,32,Pairwise-K16,16,5,14683,0.905877545460737,0.8556153374650957
MATH500,32,Pairwise-K16,16,6,14658,0.8768590530768181,0.8010642652476463
MATH500,32,Pairwise-K16,16,7,14629,0.854535511654932,0.7465992207259553
MATH500,64,Unary-K16,16,1,15847,0.9972234492332933,0.9972234492332933
MATH500,64,Unary-K16,16,2,15836,0.9826976509219499,0.9816872947714069
MATH500,64,Unary-K16,16,3,15818,0.9604880515867998,0.9501201163231762
MATH500,64,Unary-K16,16,4,15802,0.929755727123149,0.9029869636754841
MATH500,64,Unary-K16,16,5,15789,0.9066438659826461,0.8547723098359618
MATH500,64,Unary-K16,16,6,15761,0.8760865427320601,0.7982996002791701
MATH500,64,Unary-K16,16,7,15743,0.8503461856063013,0.7417264816108746
MATH500,64,Unary-K32,32,1,15635,0.998592900543652,0.998592900543652
MATH500,64,Unary-K32,32,2,15624,0.9905913978494624,0.9901433691756273
MATH500,64,Unary-K32,32,3,15605,0.9770586350528677,0.9703941044537008
MATH500,64,Unary-K32,32,4,15594,0.9570347569578043,0.9377324612030268
MATH500,64,Unary-K32,32,5,15579,0.9426792477052442,0.9028178958854869
MATH500,64,Unary-K32,32,6,15548,0.9210830975045022,0.8585027013120659
MATH500,64,Unary-K32,32,7,15528,0.9048171045852653,0.8149149922720247
MATH500,64,Unary-K64,64,1,15612,0.9989751473225724,0.9989751473225724
MATH500,64,Unary-K64,64,2,15601,0.9945516313056856,0.9941670405743221
MATH500,64,Unary-K64,64,3,15583,0.9878072258230123,0.9833793236218956
MATH500,64,Unary-K64,64,4,15566,0.973724784787357,0.9617114223307208
MATH500,64,Unary-K64,64,5,15550,0.9648874598070739,0.9369774919614148
MATH500,64,Unary-K64,64,6,15524,0.9544576140170059,0.9080133986086061
MATH500,64,Unary-K64,64,7,15507,0.9433804088476172,0.876507383762172
MATH500,64,Pairwise-K16,16,1,14258,0.9969841492495441,0.9969841492495441
MATH500,64,Pairwise-K16,16,2,14250,0.9850526315789474,0.983719298245614
MATH500,64,Pairwise-K16,16,3,14232,0.9603709949409781,0.9515879707700956
MATH500,64,Pairwise-K16,16,4,14214,0.9312649500492473,0.9056563951034191
MATH500,64,Pairwise-K16,16,5,14193,0.905657718593673,0.8563376312266611
MATH500,64,Pairwise-K16,16,6,14175,0.8797883597883598,0.8032451499118166
MATH500,64,Pairwise-K16,16,7,14149,0.8531344971376069,0.7487454943812284
