dataset,family,method,method_key,budget,prompts,mean_end_to_end_tokens_per_second,mean_decode_only_tokens_per_second,speedup_vs_baseline_end_to_end,speedup_vs_baseline_decode_only,mean_matched_tokens_per_round,mean_committed_tokens_per_round,mean_target_calls,mean_ttft_ms,mean_total_generation_time_s,peak_allocated_gib,peak_reserved_gib,timing_source_runner_fraction
GSM8K,original,Sequential-Baseline,baseline,,4,52.04037297836633,53.034195534025116,nan,nan,0.0,1.0,64.0,23.08244549999472,1.229898257000002,8.607514381408691,8.72265625,1.0
GSM8K,original,Raw-DFlash,dflash,,4,230.9331321896181,257.21948386644794,4.440306460398729,4.850085107696838,6.4375,7.4375,10.0,22.79489775000343,0.2892597922499931,8.633626937866211,8.72265625,1.0
GSM8K,original,DFlash-Original-DDTree-B16,ddtree_tb16,16,4,232.76765154671108,257.48588216927317,4.479704512697296,4.8596946638883995,6.965277777777778,7.965277777777778,8.75,22.010682749993293,0.2974885797499951,8.641071796417236,8.72265625,1.0
GSM8K,original,DFlash-Original-DDTree-B32,ddtree_tb32,32,4,267.423902437474,298.5652556086377,5.142523497817134,5.630805428866611,7.200396825396825,8.200396825396826,8.25,19.420210499959012,0.24426549525000496,8.649600505828857,8.72265625,1.0
GSM8K,original,DFlash-Original-DDTree-B64,ddtree_tb64,64,4,281.276895706384,314.488834592449,5.408190606701243,5.931373551098661,7.649305555555555,8.649305555555555,7.75,19.035685249974676,0.22999633699998867,8.681460857391357,8.72265625,1.0
GSM8K,dflash2,Sequential-Baseline,baseline,,4,53.204272860153225,54.051131360646416,nan,nan,0.0,1.0,64.0,18.83697825002173,1.202919041499996,10.235031127929688,10.34375,1.0
GSM8K,dflash2,Raw-DFlash2,dflash2,,4,141.6691601278833,152.7368004225287,2.6625578630559703,2.82558961823821,3.264541160593792,4.215485829959515,15.25,25.70315949995461,0.4611338859999705,10.251977443695068,10.341796875,1.0
GSM8K,dflash2,DFlash2-Original-DDTree-B7,dflash2_original_ddtree_tb7,7,4,146.99900466720078,156.71485604922262,2.762700739455168,2.8991409994067636,3.4902930402930403,4.436538461538461,14.25,18.937118250022422,0.43667007824998905,10.257127285003662,10.34375,1.0
GSM8K,dflash2,DFlash2-Original-DDTree-B16,dflash2_original_ddtree_tb16,16,4,158.90259092151052,170.2845056021829,2.986900524721008,3.150729586986022,3.9855769230769234,4.947115384615385,12.75,18.886703000021043,0.4032667812500108,10.25934362411499,10.34375,1.0
GSM8K,dflash2,DFlash2-Original-DDTree-B32,dflash2_original_ddtree_tb32,32,4,169.67134435770436,182.78382784972416,3.1889178408463725,3.38150532152023,4.45236013986014,5.387674825174825,11.75,18.96102775003783,0.3787798305000081,10.27495288848877,10.34375,1.0
GSM8K,dflash2,DFlash2-Original-DDTree-B64,dflash2_original_ddtree_tb64,64,4,163.712265055302,175.92147038437855,3.0769736507262584,3.2546022471256624,4.593648018648018,5.5308566433566435,11.5,18.977727749984297,0.3934085082499905,10.308263778686523,10.34375,1.0
GSM8K,dflash2,DFlash2-Pairwise-K16-B7,dflash2_pairwise_k16_tb7,7,4,154.76864183459668,166.465507622206,2.90878742030528,3.0795399431950394,3.7557692307692303,4.6990384615384615,13.5,19.962579500031552,0.41529636174999496,10.257127285003662,10.34375,1.0
GSM8K,dflash2,DFlash2-Pairwise-K16-B16,dflash2_pairwise_k16_tb16,16,4,170.48723455238198,185.75870990212695,3.204129076266054,3.436535873027787,4.473193473193473,5.387674825174825,11.75,22.25812674998906,0.3773857969999881,10.25934362411499,10.34375,1.0
GSM8K,dflash2,DFlash2-Pairwise-K16-B32,dflash2_pairwise_k16_tb32,32,4,176.82982367186202,191.04856305007473,3.323710047671831,3.5347086330630835,4.696969696969697,5.607954545454545,11.25,18.923010750000913,0.3623922052499893,10.27541971206665,10.34375,1.0
GSM8K,dflash2,DFlash2-Pairwise-K16-B64,dflash2_pairwise_k16_tb64,64,4,189.93712093969603,206.34569297442604,3.5700331514239583,3.8176791113330153,5.231818181818182,6.156818181818182,10.25,18.808798749944344,0.3377061479999668,10.307785034179688,10.34375,1.0
GSM8K,dflash2,DFlash2-Unary-K16-B32,dflash2_unary_k16_tb32,32,4,169.7903742892367,183.05351317631025,3.191211978059803,3.3865524453909073,4.45236013986014,5.387674825174825,11.75,19.009952999965662,0.37827751349996674,10.274950504302979,10.341796875,1.0
GSM8K,dflash2,DFlash2-Unary-K16-B64,dflash2_unary_k16_tb64,64,4,172.06064312942345,185.71161423897178,3.2338654251010763,3.4357075235569328,4.593648018648018,5.5308566433566435,11.5,19.07299374997251,0.37502496099997984,10.3082594871521,10.34375,1.0
HumanEval,original,Sequential-Baseline,baseline,,4,52.81172185729996,53.772700868891775,nan,nan,0.0,1.0,64.0,21.73492899999019,1.2120595570000035,8.650271892547607,8.814453125,1.0
HumanEval,original,Raw-DFlash,dflash,,4,208.37889003778295,231.3324905349475,3.957776869210817,4.312610618834523,5.577907754010695,6.577907754010695,11.5,22.86330850000695,0.32504395650002493,8.710822105407715,8.814453125,1.0
HumanEval,original,DFlash-Original-DDTree-B16,ddtree_tb16,16,4,231.8528605932524,258.00657899476965,4.402795270051839,4.807805038396241,6.4067460317460325,7.4067460317460325,10.0,22.552997749954784,0.2901757997499601,8.717636585235596,8.814453125,1.0
HumanEval,original,DFlash-Original-DDTree-B32,ddtree_tb32,32,4,236.97207448644363,262.9745504779879,4.49770681370206,4.898055252675601,6.658369408369409,7.658369408369409,9.5,21.941066749974425,0.2778997057500021,8.720357418060303,8.814453125,1.0
HumanEval,original,DFlash-Original-DDTree-B64,ddtree_tb64,64,4,260.9666142178931,290.13278034438235,4.954734175076079,5.40649756267378,7.483333333333333,8.483333333333334,8.75,18.755250499992826,0.2546528607500136,8.739485740661621,8.814453125,1.0
HumanEval,dflash2,Sequential-Baseline,baseline,,4,52.70691145300098,53.53550150737888,nan,nan,0.0,1.0,64.0,18.78100800001903,1.2142929455000058,10.278882026672363,10.4453125,1.0
HumanEval,dflash2,Raw-DFlash2,dflash2,,4,138.37717785390737,150.51011723484194,2.6266969077465645,2.812739544557742,3.209124209124209,4.143356643356643,16.5,25.73634499998434,0.49647736024999745,10.332118034362793,10.4453125,1.0
HumanEval,dflash2,DFlash2-Original-DDTree-B7,dflash2_original_ddtree_tb7,7,4,133.36394016695476,141.65522900200307,2.5310174430985932,2.6468063668802744,3.118295739348371,4.053947368421053,16.25,18.910376250005356,0.49909451725002896,10.334625720977783,10.4453125,1.0
HumanEval,dflash2,DFlash2-Original-DDTree-B16,dflash2_original_ddtree_tb16,16,4,141.34391608266935,150.515640686035,2.682862167557016,2.8128057983994954,3.4529914529914527,4.383413461538462,14.75,18.937130249980783,0.46335862099996916,10.33722734451294,10.4453125,1.0
HumanEval,dflash2,DFlash2-Original-DDTree-B32,dflash2_original_ddtree_tb32,32,4,146.94729988525668,156.99562199047563,2.788902705236967,2.933555352604616,3.7333333333333334,4.659375,13.75,19.32400925002753,0.442115995249992,10.346410751342773,10.4453125,1.0
HumanEval,dflash2,DFlash2-Original-DDTree-B64,dflash2_original_ddtree_tb64,64,4,146.07385290369865,155.92740077405935,2.7725761503335637,2.913868710025282,3.9757575757575756,4.898011363636363,13.25,18.848595999997997,0.45119919949996756,10.365540981292725,10.4453125,1.0
HumanEval,dflash2,DFlash2-Pairwise-K16-B7,dflash2_pairwise_k16_tb7,7,4,146.75616000153173,156.79170140255735,2.784885092693599,2.9293126878165583,3.5603146853146854,4.502731643356643,14.5,18.899541000024556,0.450483471750033,10.334625720977783,10.4453125,1.0
HumanEval,dflash2,DFlash2-Pairwise-K16-B16,dflash2_pairwise_k16_tb16,16,4,156.0832514032176,169.49563559722327,2.9613151465351604,3.1661150391329898,4.076190476190476,4.996875,13.0,22.783966000019973,0.42214680775001057,10.33722734451294,10.4453125,1.0
HumanEval,dflash2,DFlash2-Pairwise-K16-B32,dflash2_pairwise_k16_tb32,32,4,160.65965356048622,172.68744155625166,3.0485084569334724,3.2260531579574026,4.197402597402597,5.116193181818182,12.75,18.869033249984568,0.4108884482500059,10.346408367156982,10.4453125,1.0
HumanEval,dflash2,DFlash2-Pairwise-K16-B64,dflash2_pairwise_k16_tb64,64,4,162.22918824832163,174.27215369359044,3.0782119337670686,3.255568221640908,4.428171828171829,5.3433566433566435,12.0,18.96466550005016,0.399103031500033,10.3655366897583,10.4453125,1.0
HumanEval,dflash2,DFlash2-Unary-K16-B32,dflash2_unary_k16_tb32,32,4,146.00005079798814,156.74423560805778,2.7708038609282983,2.9288082814982532,3.7333333333333334,4.659375,13.75,21.951988999973082,0.44489201724999816,10.346408367156982,10.4453125,1.0
HumanEval,dflash2,DFlash2-Unary-K16-B64,dflash2_unary_k16_tb64,64,4,153.38640911558946,164.29492682896458,2.9112494157705218,3.070099847603118,3.9757575757575756,4.898011363636363,13.25,18.952484750059284,0.4281595215000493,10.3655366897583,10.4453125,1.0
MATH500,original,Sequential-Baseline,baseline,,4,52.609050144816706,53.697652801627186,nan,nan,0.0,1.0,64.0,24.72992950004027,1.2166095277500233,8.621052265167236,8.744140625,1.0
MATH500,original,Raw-DFlash,dflash,,4,355.2440680809922,423.1439257341792,6.770721118593932,7.889365000495937,10.05625,11.05625,6.75,22.4019029999738,0.20385120599999595,8.659310817718506,8.744140625,1.0
MATH500,original,DFlash-Original-DDTree-B16,ddtree_tb16,16,4,359.73843092481815,425.50328504684614,6.853389336487271,7.931244983197124,10.55,11.55,6.25,22.11585275000516,0.1931213997499981,8.666758060455322,8.744140625,1.0
MATH500,original,DFlash-Original-DDTree-B32,ddtree_tb32,32,4,367.64556552127806,436.18789128144,7.001836751501492,8.129785368205468,10.710714285714285,11.710714285714285,6.0,20.405278499993074,0.18340822399997592,8.66947603225708,8.744140625,1.0
MATH500,original,DFlash-Original-DDTree-B64,ddtree_tb64,64,4,380.02872364696793,446.5838233060729,7.236212560115373,8.322469880661647,11.55,12.55,5.75,19.209996999990153,0.17576228199999377,8.692420959472656,8.744140625,1.0
MATH500,dflash2,Sequential-Baseline,baseline,,4,52.84742399310784,53.68849758067205,nan,nan,0.0,1.0,64.0,18.9624587500532,1.2111058887500405,10.247939109802246,10.361328125,1.0
MATH500,dflash2,Raw-DFlash2,dflash2,,4,183.66879716365344,204.2225263779103,3.4764595217416043,3.8051188707254386,4.666083916083917,5.604895104895105,11.5,25.452247499998748,0.3545431212500034,10.279070854187012,10.361328125,1.0
MATH500,dflash2,DFlash2-Original-DDTree-B7,dflash2_original_ddtree_tb7,7,4,162.28680735356505,175.68211077607256,3.0712495262656923,3.2725991874287295,4.051190476190476,4.996875,13.0,20.849850249959445,0.40793494599998326,10.28281545639038,10.361328125,1.0
MATH500,dflash2,DFlash2-Original-DDTree-B16,dflash2_original_ddtree_tb16,16,4,169.79389270512797,183.4075010977059,3.2130402601384525,3.4162428103255764,4.428171828171829,5.3433566433566435,12.0,19.602236749989288,0.3817917179999597,10.285033226013184,10.361328125,1.0
MATH500,dflash2,DFlash2-Original-DDTree-B32,dflash2_original_ddtree_tb32,32,4,180.28981247596687,195.52692893127818,3.4121019266236834,3.6425551438549597,4.811538461538461,5.7480769230769235,11.25,19.02049324999666,0.36267644350002115,10.294594287872314,10.361328125,1.0
MATH500,dflash2,DFlash2-Original-DDTree-B64,dflash2_original_ddtree_tb64,64,4,177.24705167465777,191.89228993433295,3.3544914468085327,3.5748320110855327,5.044444444444444,5.95,10.75,19.136564000007183,0.36594926649999593,10.318601608276367,10.361328125,1.0
MATH500,dflash2,DFlash2-Pairwise-K16-B7,dflash2_pairwise_k16_tb7,7,4,186.68442900638567,203.08545233891414,3.533098954722721,3.783403748685089,4.768648018648019,5.705856643356643,11.25,19.07984825001563,0.3493721579999942,10.28281545639038,10.361328125,1.0
MATH500,dflash2,DFlash2-Pairwise-K16-B16,dflash2_pairwise_k16_tb16,16,4,189.46109880895423,207.97079094025486,3.5846958101673483,3.873570507985595,5.137878787878789,6.069318181818182,10.5,22.355737499992756,0.34224792200001275,10.285033226013184,10.361328125,1.0
MATH500,dflash2,DFlash2-Pairwise-K16-B32,dflash2_pairwise_k16_tb32,32,4,197.39999737074945,215.44400512685712,3.7355887895691513,4.0132191793053185,5.432323232323233,6.331818181818182,10.0,19.03817625003512,0.3254503120000152,10.294591903686523,10.361328125,1.0
MATH500,dflash2,DFlash2-Pairwise-K16-B64,dflash2_pairwise_k16_tb64,64,4,205.4162680732726,225.03130536769746,3.885832837375419,4.190055935555091,5.7601010101010095,6.681818181818182,9.5,19.010771749975675,0.3130477597500203,10.318753719329834,10.361328125,1.0
MATH500,dflash2,DFlash2-Unary-K16-B32,dflash2_unary_k16_tb32,32,4,179.32056944331967,195.48047359579041,3.394096714784923,3.641939370752549,4.811538461538461,5.7480769230769235,11.25,20.234983999984024,0.36523816249996344,10.294591903686523,10.361328125,1.0
MATH500,dflash2,DFlash2-Unary-K16-B64,dflash2_unary_k16_tb64,64,4,185.13488516262623,201.0648883286541,3.503863961770981,3.7458042772012345,5.044444444444444,5.95,10.75,18.994079749944603,0.3498246407499721,10.318597316741943,10.361328125,1.0
MT-Controlled,original,Sequential-Baseline,baseline,,4,52.37893862055184,53.41529500084958,nan,nan,0.0,1.0,115.25,20.685488625019843,2.203805643250007,8.632442474365234,8.771484375,1.0
MT-Controlled,original,Raw-DFlash,dflash,,4,120.4015326369365,130.34576825152166,2.3032004864304327,2.4411347346301575,2.6617968594712775,3.661796859471278,42.0,20.999358624976594,1.1539070702499998,8.679919242858887,8.771484375,1.0
MT-Controlled,original,DFlash-Original-DDTree-B16,ddtree_tb16,16,4,136.7031012943207,152.4781955688036,2.6143627943044296,2.8559157473146715,3.28921568627451,4.28921568627451,34.25,21.168128625035365,0.9597297919999903,8.687368392944336,8.771484375,1.0
MT-Controlled,original,DFlash-Original-DDTree-B32,ddtree_tb32,32,4,140.26952712535177,157.50162277228745,2.6821674208996016,2.9498842368274487,3.5162414965986395,4.5162414965986395,32.25,27.050805624995178,0.9251467075000619,8.690086841583252,8.771484375,1.0
MT-Controlled,original,DFlash-Original-DDTree-B64,ddtree_tb64,64,4,159.74189726765897,176.33377726507527,3.0555295322037788,3.3027410800478605,3.8031080517313307,4.80310805173133,30.25,19.086809000000926,0.8487467062499832,8.709210872650146,8.771484375,1.0
MT-Controlled,dflash2,Sequential-Baseline,baseline,,4,52.57528799107983,53.59870396961436,nan,nan,0.0,1.0,115.25,20.17966975000718,2.1977582067499952,10.262444496154785,10.392578125,1.0
MT-Controlled,dflash2,Raw-DFlash2,dflash2,,4,95.41158919291082,102.91601078521695,1.8136778998225367,1.9168111069871236,1.9046171358765063,2.8667749458604033,44.0,22.79627262501549,1.3139511012499838,10.302688121795654,10.392578125,1.0
MT-Controlled,dflash2,DFlash2-Original-DDTree-B7,dflash2_original_ddtree_tb7,7,4,101.8400160156917,108.39890206389626,1.9359776986820516,2.019065282078221,2.153206746566178,3.1126783810697822,40.0,19.07724649997533,1.2352221429999588,10.306503295898438,10.392578125,1.0
MT-Controlled,dflash2,DFlash2-Original-DDTree-B16,dflash2_original_ddtree_tb16,16,4,112.94458336370155,121.200589617752,2.1469503742661415,2.257331756572137,2.531062030075188,3.5018640350877193,35.75,19.10532924999586,1.119216027750042,10.308666229248047,10.392578125,1.0
MT-Controlled,dflash2,DFlash2-Original-DDTree-B32,dflash2_original_ddtree_tb32,32,4,118.75007195284549,127.4635939692702,2.2575938944832514,2.37478981716418,2.8064542483660135,3.7681372549019607,32.5,19.015981999984888,1.043575521249977,10.318227767944336,10.392578125,1.0
MT-Controlled,dflash2,DFlash2-Original-DDTree-B64,dflash2_original_ddtree_tb64,64,4,121.93170714931347,131.5979631557953,2.317899654003126,2.4509826768209235,3.1395687645687644,4.116368006993007,30.5,19.10628237499168,1.045946879499951,10.337353706359863,10.392578125,1.0
MT-Controlled,dflash2,DFlash2-Pairwise-K16-B7,dflash2_pairwise_k16_tb7,7,4,103.68313781024568,110.10414432772586,1.9711877347597793,2.0516581304205426,2.2305980725623584,3.1859126984126984,38.0,19.086339875016733,1.1804678829999773,10.306503295898438,10.392578125,1.0
MT-Controlled,dflash2,DFlash2-Pairwise-K16-B16,dflash2_pairwise_k16_tb16,16,4,114.12847954066312,124.30767894607672,2.169752036105835,2.3155514147344682,2.6576996113760822,3.6106650768415474,34.75,22.526824375006527,1.1006045462500254,10.308666229248047,10.392578125,1.0
MT-Controlled,dflash2,DFlash2-Pairwise-K16-B32,dflash2_pairwise_k16_tb32,32,4,122.24438034321963,132.4751856865529,2.3240295594795453,2.467706483947006,2.9452868103763246,3.894866642309098,32.0,22.28174550000972,1.0324817645000621,10.318225383758545,10.392578125,1.0
MT-Controlled,dflash2,DFlash2-Pairwise-K16-B64,dflash2_pairwise_k16_tb64,64,4,131.55366078704444,142.3423630035089,2.500879667035386,2.6517812895577904,3.3211042311661503,4.266956418194808,28.75,19.09396624998294,0.9416120557499426,10.33734941482544,10.392578125,1.0
MT-Controlled,dflash2,DFlash2-Unary-K16-B32,dflash2_unary_k16_tb32,32,4,118.7180089523268,127.82940339718094,2.25692253709032,2.3815517881478536,2.789374668786434,3.744488606253312,32.75,20.773902499968244,1.0454329364999637,10.318225383758545,10.392578125,1.0
MT-Controlled,dflash2,DFlash2-Unary-K16-B64,dflash2_unary_k16_tb64,64,4,128.29775361172494,138.87679301354393,2.438912787785017,2.5866358558604396,3.1279201304851094,4.104942189308639,30.5,19.041500875005113,0.9857284922500185,10.33734941482544,10.392578125,1.0
MT-Native,original,Sequential-Baseline,baseline,,4,52.152827689476,53.17845149052498,nan,nan,0.0,1.0,115.25,20.600570499979654,2.213636259499964,8.632442474365234,8.771484375,1.0
MT-Native,original,Raw-DFlash,dflash,,4,119.96843149208881,129.94604465913824,2.3028832635130234,2.4422955554990726,2.6617968594712775,3.661796859471278,42.0,20.68593849999445,1.1559083880000003,8.679919242858887,8.771484375,1.0
MT-Native,original,DFlash-Original-DDTree-B16,ddtree_tb16,16,4,135.25314759953775,150.5439434123954,2.595539963752002,2.8296437355548223,3.28921568627451,4.28921568627451,34.25,21.228806000024747,0.9637989212500031,8.687368392944336,8.771484375,1.0
MT-Native,original,DFlash-Original-DDTree-B32,ddtree_tb32,32,4,139.92914003797608,157.15056919351161,2.6852697177996614,2.954076410369126,3.5162414965986395,4.5162414965986395,32.25,27.227822999989826,0.9274437800000044,8.690086841583252,8.771484375,1.0
MT-Native,original,DFlash-Original-DDTree-B64,ddtree_tb64,64,4,159.4053100543349,175.99394120955205,3.0595600433941903,3.3078928307695428,3.8031080517313307,4.80310805173133,30.25,19.214332749996288,0.8499123477500063,8.709210872650146,8.771484375,1.0
MT-Native,dflash2,Sequential-Baseline,baseline,,4,51.46564499256739,52.46383727541137,nan,nan,0.0,1.0,115.25,20.509800750033946,2.2464114780000273,10.262444496154785,10.392578125,1.0
MT-Native,dflash2,Raw-DFlash2,dflash2,,4,93.79238418349357,101.29594991122617,1.8204914372233745,1.9262406159256953,1.9185312314602934,2.8763030765319098,43.75,23.236821999987,1.338964256249966,10.302688121795654,10.392578125,1.0
MT-Native,dflash2,DFlash2-Original-DDTree-B7,dflash2_original_ddtree_tb7,7,4,99.03283130770345,105.42802063800826,1.921975851667346,2.004757121095701,2.153206746566178,3.1126783810697822,40.0,19.400177500031646,1.2733823217500344,10.306503295898438,10.392578125,1.0
MT-Native,dflash2,DFlash2-Original-DDTree-B16,dflash2_original_ddtree_tb16,16,4,110.17292520534653,118.23097767428946,2.1381994979663865,2.2480935852161057,2.531062030075188,3.5018640350877193,35.75,19.478605000003313,1.1519479282499958,10.308666229248047,10.392578125,1.0
MT-Native,dflash2,DFlash2-Original-DDTree-B32,dflash2_original_ddtree_tb32,32,4,116.39780422558437,124.95193270332885,2.2595743991454054,2.377009207993896,2.8064542483660135,3.7681372549019607,32.5,19.29162025000153,1.0673957282500055,10.318227767944336,10.392578125,1.0
MT-Native,dflash2,DFlash2-Original-DDTree-B64,dflash2_original_ddtree_tb64,64,4,120.02271006150828,129.50793226640664,2.329446840697643,2.4625899970894323,3.1395687645687644,4.116368006993007,30.5,19.443465625002432,1.0623119032500483,10.337353706359863,10.392578125,1.0
MT-Native,dflash2,DFlash2-Pairwise-K16-B7,dflash2_pairwise_k16_tb7,7,4,101.69762838799835,107.97765451004884,1.9745172642392013,2.0548106552264467,2.2305980725623584,3.1859126984126984,38.0,19.371695625011398,1.2050428684999872,10.306503295898438,10.392578125,1.0
MT-Native,dflash2,DFlash2-Pairwise-K16-B16,dflash2_pairwise_k16_tb16,16,4,111.68806561093245,121.57967545307656,2.1680802531387124,2.3122788227859568,2.6576996113760822,3.6106650768415474,34.75,22.798898124975153,1.1267746352499444,10.308666229248047,10.392578125,1.0
MT-Native,dflash2,DFlash2-Pairwise-K16-B32,dflash2_pairwise_k16_tb32,32,4,120.15394975429103,130.2391101414263,2.332071474810464,2.476878345666335,2.9452868103763246,3.894866642309098,32.0,22.774636874999032,1.0519170282500454,10.318225383758545,10.392578125,1.0
MT-Native,dflash2,DFlash2-Pairwise-K16-B64,dflash2_pairwise_k16_tb64,64,4,129.80761337939134,140.49034510131935,2.5200766389953326,2.6728244165627544,3.3211042311661503,4.266956418194808,28.75,19.36447275001285,0.9558379467499662,10.33734941482544,10.392578125,1.0
MT-Native,dflash2,DFlash2-Unary-K16-B32,dflash2_unary_k16_tb32,32,4,117.13539358335305,126.07936021175918,2.274060527660116,2.398800367301158,2.8656862745098044,3.8196078431372547,32.0,21.183259124953224,1.0546096524999484,10.318225383758545,10.392578125,1.0
MT-Native,dflash2,DFlash2-Unary-K16-B64,dflash2_unary_k16_tb64,64,4,125.33937913828066,135.7266722717174,2.432785420970965,2.581085949926618,3.1279201304851094,4.104942189308639,30.5,19.504938499977698,1.0115079500000093,10.33734941482544,10.392578125,1.0
