dataset,is_primary,comparison_type,left_method,right_method,left_budget,right_budget,prompts,mean_tokens_per_second_diff,tokens_per_second_diff_ci_low,tokens_per_second_diff_ci_high,mean_relative_pct_diff,mean_baseline_normalized_speedup_diff,baseline_normalized_speedup_diff_ci_low,baseline_normalized_speedup_diff_ci_high,improve_prompts,tie_prompts,hurt_prompts
GSM8K,True,controlled,DFlash2-Pairwise-K16-B16,DFlash2-Original-DDTree-B16,16,16,4,11.58464363087144,-4.060809553862754,27.230096815605634,7.555256103173987,nan,nan,nan,3,0,1
GSM8K,False,controlled,DFlash2-Pairwise-K16-B7,DFlash2-Original-DDTree-B7,7,7,4,7.769637167395892,3.4678265654972833,10.439706718771049,5.251555641021437,nan,nan,nan,4,0,0
GSM8K,False,controlled,DFlash2-Pairwise-K16-B32,DFlash2-Original-DDTree-B32,32,32,4,7.15847931415766,-0.3016942654021051,14.618652893717424,4.475563601217421,nan,nan,nan,2,0,2
GSM8K,False,controlled,DFlash2-Pairwise-K16-B64,DFlash2-Original-DDTree-B64,64,64,4,26.224855884394053,19.177627574691726,32.9290490341268,16.379573761401524,nan,nan,nan,4,0,0
GSM8K,False,controlled,DFlash2-Pairwise-K16-B7,Raw-DFlash2,7,,4,13.099481706713377,5.612182511911186,23.905201381530475,10.48434261855052,nan,nan,nan,4,0,0
GSM8K,False,controlled,DFlash2-Pairwise-K16-B32,DFlash2-Unary-K16-B32,32,32,4,7.039449382625328,0.8920392006562565,13.1868595645944,4.33426430618309,nan,nan,nan,4,0,0
GSM8K,False,controlled,DFlash2-Pairwise-K16-B64,DFlash2-Unary-K16-B64,64,64,4,17.876477810272583,7.152429650636208,27.1959369604781,10.925344816695242,nan,nan,nan,4,0,0
GSM8K,False,cross_drafter,DFlash2-Pairwise-K16-B16,Raw-DFlash,16,,4,-60.445897637236136,-95.0730975989467,-25.81869767552557,-24.051780856525554,-1.2361773841326746,-1.926516046120538,-0.5458387221448118,0,0,4
GSM8K,False,cross_drafter,DFlash2-Pairwise-K16-B16,DFlash-Original-DDTree-B16,16,16,4,-62.28041699432911,-90.72242974872725,-9.613439983229576,-22.142703982535394,-1.2755754364312422,-1.8441528597597543,-0.23045870764075216,1,0,3
GSM8K,False,cross_drafter,DFlash2-Pairwise-K16-B32,Raw-DFlash,32,,4,-54.10330851775608,-98.37945600247419,-9.827161033037981,-20.2438125343143,-1.1165964127268975,-1.988582098841266,-0.24461072661252903,1,0,3
GSM8K,False,cross_drafter,DFlash2-Pairwise-K16-B32,DFlash-Original-DDTree-B32,32,32,4,-90.594078765612,-125.00608465468301,-56.182072876541,-32.72162127983068,-1.8188134501453028,-2.502806366114724,-1.1348205341758817,0,0,4
GSM8K,False,cross_drafter,DFlash2-Pairwise-K16-B64,Raw-DFlash,64,,4,-40.996011249922056,-82.35565996829473,0.3636374684506194,-14.572758969231993,-0.8702733089747701,-1.687816766859597,-0.052729851089943436,1,0,3
GSM8K,False,cross_drafter,DFlash2-Pairwise-K16-B64,DFlash-Original-DDTree-B64,64,64,4,-91.33977476668794,-112.63577231405705,-70.04377721931883,-32.037203118257786,-1.838157455277285,-2.272078851140309,-1.404236059414261,0,0,4
GSM8K,False,within_family_vs_sequential,Raw-DFlash,Sequential-Baseline,,,4,178.89275921125179,131.8361716446078,225.94934677789576,344.03064603987286,nan,nan,nan,4,0,0
GSM8K,False,within_family_vs_sequential,DFlash-Original-DDTree-B16,Sequential-Baseline,16,,4,180.72727856834476,119.69268864449603,221.59867892767633,347.9704512697296,nan,nan,nan,4,0,0
GSM8K,False,within_family_vs_sequential,DFlash-Original-DDTree-B32,Sequential-Baseline,32,,4,215.3835294591077,178.1910834881108,252.57597543010456,414.25234978171335,nan,nan,nan,4,0,0
GSM8K,False,within_family_vs_sequential,DFlash-Original-DDTree-B64,Sequential-Baseline,64,,4,229.23652272801766,202.24358633237722,256.2294591236581,440.8190606701244,nan,nan,nan,4,0,0
GSM8K,False,controlled,DFlash-Original-DDTree-B16,Raw-DFlash,16,,4,1.8345193570929723,-39.17053197317083,49.0247578946692,1.9590550855834281,nan,nan,nan,1,0,3
GSM8K,False,controlled,DFlash-Original-DDTree-B32,Raw-DFlash,32,,4,36.49077024785591,23.70408806552507,54.3655501253721,17.555305814232778,nan,nan,nan,4,0,0
GSM8K,False,controlled,DFlash-Original-DDTree-B64,Raw-DFlash,64,,4,50.34376351676588,30.28011234576232,76.25006101575912,24.791392006288934,nan,nan,nan,4,0,0
GSM8K,False,within_family_vs_sequential,Raw-DFlash2,Sequential-Baseline,,,4,88.46488726773006,68.45238455683842,105.56923917726812,166.255786305597,nan,nan,nan,4,0,0
GSM8K,False,within_family_vs_sequential,DFlash2-Original-DDTree-B7,Sequential-Baseline,7,,4,93.79473180704755,87.08859961587126,101.96046976074021,176.2700739455168,nan,nan,nan,4,0,0
GSM8K,False,within_family_vs_sequential,DFlash2-Original-DDTree-B16,Sequential-Baseline,16,,4,105.6983180613573,101.92656842022465,112.47992851076302,198.69005247210077,nan,nan,nan,4,0,0
GSM8K,False,within_family_vs_sequential,DFlash2-Original-DDTree-B32,Sequential-Baseline,32,,4,116.46707149755113,106.47574110170314,126.45840189339913,218.89178408463724,nan,nan,nan,4,0,0
GSM8K,False,within_family_vs_sequential,DFlash2-Original-DDTree-B64,Sequential-Baseline,64,,4,110.50799219514877,98.82476872333135,122.12484605506293,207.69736507262581,nan,nan,nan,4,0,0
GSM8K,False,within_family_vs_sequential,DFlash2-Pairwise-K16-B7,Sequential-Baseline,7,,4,101.56436897444345,92.3575859383689,111.32709634301476,190.878742030528,nan,nan,nan,4,0,0
GSM8K,False,within_family_vs_sequential,DFlash2-Pairwise-K16-B16,Sequential-Baseline,16,,4,117.28296169222872,105.10285735293297,129.46306603152448,220.41290762660537,nan,nan,nan,4,0,0
GSM8K,False,within_family_vs_sequential,DFlash2-Pairwise-K16-B32,Sequential-Baseline,32,,4,123.62555081170879,116.36415171503953,128.3557930920898,232.3710047671831,nan,nan,nan,4,0,0
GSM8K,False,within_family_vs_sequential,DFlash2-Pairwise-K16-B64,Sequential-Baseline,64,,4,136.7328480795428,126.5817031107966,142.44298038292843,257.0033151423958,nan,nan,nan,4,0,0
GSM8K,False,within_family_vs_sequential,DFlash2-Unary-K16-B32,Sequential-Baseline,32,,4,116.58610142908347,107.08117683048414,125.26466842734075,219.1211978059803,nan,nan,nan,4,0,0
GSM8K,False,within_family_vs_sequential,DFlash2-Unary-K16-B64,Sequential-Baseline,64,,4,118.85637026927023,104.75980466480323,133.1441959150055,223.3865425101076,nan,nan,nan,4,0,0
HumanEval,True,controlled,DFlash2-Pairwise-K16-B16,DFlash2-Original-DDTree-B16,16,16,4,14.739335320548221,-7.496262963191164,36.97493360428761,11.243078135694685,nan,nan,nan,2,0,2
HumanEval,False,controlled,DFlash2-Pairwise-K16-B7,DFlash2-Original-DDTree-B7,7,7,4,13.392219834576935,10.491872762807247,16.29256690634662,10.463752709534344,nan,nan,nan,4,0,0
HumanEval,False,controlled,DFlash2-Pairwise-K16-B32,DFlash2-Original-DDTree-B32,32,32,4,13.712353675229568,-1.5890916925360195,27.13647378146863,8.892225496768866,nan,nan,nan,3,0,1
HumanEval,False,controlled,DFlash2-Pairwise-K16-B64,DFlash2-Original-DDTree-B64,64,64,4,16.155335344622987,5.810996330608948,28.572623854216587,12.472759438061383,nan,nan,nan,4,0,0
HumanEval,False,controlled,DFlash2-Pairwise-K16-B7,Raw-DFlash2,7,,4,8.378982147624342,-2.570026791512859,19.551825514401198,8.699761452235238,nan,nan,nan,3,0,1
HumanEval,False,controlled,DFlash2-Pairwise-K16-B32,DFlash2-Unary-K16-B32,32,32,4,14.659602762498128,0.48820637699407854,26.092514376402487,9.486039359213152,nan,nan,nan,3,0,1
HumanEval,False,controlled,DFlash2-Pairwise-K16-B64,DFlash2-Unary-K16-B64,64,64,4,8.842779132732197,-0.9996914200186922,20.365531820747087,6.818071501608516,nan,nan,nan,3,0,1
HumanEval,False,cross_drafter,DFlash2-Pairwise-K16-B16,Raw-DFlash,16,,4,-52.295638634565364,-70.68929184507375,-28.539956628099727,-23.84284494919684,-0.996461722675657,-1.4017370762165626,-0.4925555639561232,0,0,4
HumanEval,False,cross_drafter,DFlash2-Pairwise-K16-B16,DFlash-Original-DDTree-B16,16,16,4,-75.7696091900348,-103.91046083631818,-45.620959883742415,-31.525800813449035,-1.441480123516679,-2.018823161241518,-0.8680323129215903,0,0,4
HumanEval,False,cross_drafter,DFlash2-Pairwise-K16-B32,Raw-DFlash,32,,4,-47.71923647729669,-72.11212556219782,-23.32634739239556,-21.474126651284216,-0.9092684122773449,-1.4060562461423136,-0.4124805784123762,0,0,4
HumanEval,False,cross_drafter,DFlash2-Pairwise-K16-B32,DFlash-Original-DDTree-B32,32,32,4,-76.31242092595737,-96.93897538181433,-63.0159575946128,-32.12090745689645,-1.449198356768588,-1.9042234803383498,-1.1970411818695772,0,0,4
HumanEval,False,cross_drafter,DFlash2-Pairwise-K16-B64,Raw-DFlash,64,,4,-46.14970178946129,-77.76308969699437,-14.511911421303871,-19.493453728219105,-0.8795649354437486,-1.5360120395005352,-0.2254128315122036,0,0,4
HumanEval,False,cross_drafter,DFlash2-Pairwise-K16-B64,DFlash-Original-DDTree-B64,64,64,4,-98.73742596957142,-135.9523986230458,-68.97986546319758,-36.70760084619215,-1.8765222413090106,-2.652999134347349,-1.261396180644066,0,0,4
HumanEval,False,within_family_vs_sequential,Raw-DFlash,Sequential-Baseline,,,4,155.56716818048295,104.68958440322864,205.86492848634214,295.7776869210817,nan,nan,nan,4,0,0
HumanEval,False,within_family_vs_sequential,DFlash-Original-DDTree-B16,Sequential-Baseline,16,,4,179.0411387359524,131.01509503441935,231.15616731171212,340.2795270051839,nan,nan,nan,4,0,0
HumanEval,False,within_family_vs_sequential,DFlash-Original-DDTree-B32,Sequential-Baseline,32,,4,184.16035262914366,148.090040081162,227.01824099116737,349.77068137020603,nan,nan,nan,4,0,0
HumanEval,False,within_family_vs_sequential,DFlash-Original-DDTree-B64,Sequential-Baseline,64,,4,208.15489236059312,161.10341472437642,258.7454361294582,395.4734175076079,nan,nan,nan,4,0,0
HumanEval,False,controlled,DFlash-Original-DDTree-B16,Raw-DFlash,16,,4,23.47397055546943,-13.049085586859704,46.8094253627149,13.016237946234984,nan,nan,nan,3,0,1
HumanEval,False,controlled,DFlash-Original-DDTree-B32,Raw-DFlash,32,,4,28.59318444866068,6.922983495065331,49.03151522072377,16.076351136457625,nan,nan,nan,3,0,1
HumanEval,False,controlled,DFlash-Original-DDTree-B64,Raw-DFlash,64,,4,52.58772418011013,26.63395903613314,66.62123751732575,27.13204069137442,nan,nan,nan,4,0,0
HumanEval,False,within_family_vs_sequential,Raw-DFlash2,Sequential-Baseline,,,4,85.67026640090639,49.769755095708916,121.57077770610387,162.66969077465643,nan,nan,nan,4,0,0
HumanEval,False,within_family_vs_sequential,DFlash2-Original-DDTree-B7,Sequential-Baseline,7,,4,80.6570287139538,55.032196362329145,106.28186106557845,153.10174430985933,nan,nan,nan,4,0,0
HumanEval,False,within_family_vs_sequential,DFlash2-Original-DDTree-B16,Sequential-Baseline,16,,4,88.63700462966838,68.31326389765812,108.96074536167863,168.2862167557016,nan,nan,nan,4,0,0
HumanEval,False,within_family_vs_sequential,DFlash2-Original-DDTree-B32,Sequential-Baseline,32,,4,94.24038843225571,76.54228370084441,111.938493163667,178.89027052369664,nan,nan,nan,4,0,0
HumanEval,False,within_family_vs_sequential,DFlash2-Original-DDTree-B64,Sequential-Baseline,64,,4,93.36694145069771,68.74061742467744,117.99326547671797,177.25761503335636,nan,nan,nan,4,0,0
HumanEval,False,within_family_vs_sequential,DFlash2-Pairwise-K16-B7,Sequential-Baseline,7,,4,94.04924854853074,69.09774618247046,119.00075091459101,178.48850926935992,nan,nan,nan,4,0,0
HumanEval,False,within_family_vs_sequential,DFlash2-Pairwise-K16-B16,Sequential-Baseline,16,,4,103.37633995021659,79.41551936046554,132.29078041491815,196.131514653516,nan,nan,nan,4,0,0
HumanEval,False,within_family_vs_sequential,DFlash2-Pairwise-K16-B32,Sequential-Baseline,32,,4,107.95274210748528,81.29418467673865,134.6112995382319,204.85084569334722,nan,nan,nan,4,0,0
HumanEval,False,within_family_vs_sequential,DFlash2-Pairwise-K16-B64,Sequential-Baseline,64,,4,109.52227679532069,92.73654342651987,126.3080101641215,207.82119337670684,nan,nan,nan,4,0,0
HumanEval,False,within_family_vs_sequential,DFlash2-Unary-K16-B32,Sequential-Baseline,32,,4,93.29313934498715,75.68588485524727,110.90039383472703,177.08038609282983,nan,nan,nan,4,0,0
HumanEval,False,within_family_vs_sequential,DFlash2-Unary-K16-B64,Sequential-Baseline,64,,4,100.67949766258849,76.29268271158017,125.0663126135968,191.12494157705214,nan,nan,nan,4,0,0
MATH500,True,controlled,DFlash2-Pairwise-K16-B16,DFlash2-Original-DDTree-B16,16,16,4,19.667206103826267,13.938678980590694,25.39573322706184,11.644330030916684,nan,nan,nan,4,0,0
MATH500,False,controlled,DFlash2-Pairwise-K16-B7,DFlash2-Original-DDTree-B7,7,7,4,24.397621652820625,16.9770166809153,31.367432739717188,16.12266248839397,nan,nan,nan,4,0,0
MATH500,False,controlled,DFlash2-Pairwise-K16-B32,DFlash2-Original-DDTree-B32,32,32,4,17.110184894782584,-1.5813148130672943,35.80168460263246,11.168916494749213,nan,nan,nan,3,0,1
MATH500,False,controlled,DFlash2-Pairwise-K16-B64,DFlash2-Original-DDTree-B64,64,64,4,28.16921639861483,12.31461861870936,47.29346372931074,16.939058611416733,nan,nan,nan,4,0,0
MATH500,False,controlled,DFlash2-Pairwise-K16-B7,Raw-DFlash2,7,,4,3.0156318427322475,-6.858428986972797,12.889692672437292,1.7160302558504748,nan,nan,nan,2,0,2
MATH500,False,controlled,DFlash2-Pairwise-K16-B32,DFlash2-Unary-K16-B32,32,32,4,18.07942792742977,-0.9835936333190034,37.14244948817854,11.944909514261203,nan,nan,nan,2,0,2
MATH500,False,controlled,DFlash2-Pairwise-K16-B64,DFlash2-Unary-K16-B64,64,64,4,20.281382910646336,4.598421404950159,39.22398559182616,11.8389968436475,nan,nan,nan,3,0,1
MATH500,False,cross_drafter,DFlash2-Pairwise-K16-B16,Raw-DFlash,16,,4,-165.78296927203797,-260.12497312876195,-71.440965415314,-41.98594042268706,-3.186025308426584,-5.026773158879548,-1.345277457973621,0,0,4
MATH500,False,cross_drafter,DFlash2-Pairwise-K16-B16,DFlash-Original-DDTree-B16,16,16,4,-170.2773321158639,-248.6903621741974,-91.86430205753044,-44.30147918172421,-3.268693526319923,-4.806424422016359,-1.7309626306234862,0,0,4
MATH500,False,cross_drafter,DFlash2-Pairwise-K16-B32,Raw-DFlash,32,,4,-157.84407071024273,-263.80407791912506,-51.884063501360416,-38.17894965440433,-3.0351323290247816,-5.0961024740184895,-0.9741621840310735,0,0,4
MATH500,False,cross_drafter,DFlash2-Pairwise-K16-B32,DFlash-Original-DDTree-B32,32,32,4,-170.24556815052858,-240.9068472086236,-99.58428909243355,-44.06047043467889,-3.266247961932341,-4.657078085636749,-1.8754178382279327,0,0,4
MATH500,False,cross_drafter,DFlash2-Pairwise-K16-B64,Raw-DFlash,64,,4,-149.8278000077196,-254.45170108931939,-45.20389892611979,-35.84922824590845,-2.8848882812185135,-4.92056296088854,-0.8492136015484877,0,0,4
MATH500,False,cross_drafter,DFlash2-Pairwise-K16-B64,DFlash-Original-DDTree-B64,64,64,4,-174.61245557369537,-245.70910155141306,-108.98065642824494,-43.96235412246302,-3.3503797227399534,-4.759236535188343,-2.054146873738668,0,0,4
MATH500,False,within_family_vs_sequential,Raw-DFlash,Sequential-Baseline,,,4,302.6350179361755,189.51577124056067,415.7542646317903,577.0721118593932,nan,nan,nan,4,0,0
MATH500,False,within_family_vs_sequential,DFlash-Original-DDTree-B16,Sequential-Baseline,16,,4,307.12938078000144,209.93910788277708,404.3196536772258,585.3389336487271,nan,nan,nan,4,0,0
MATH500,False,within_family_vs_sequential,DFlash-Original-DDTree-B32,Sequential-Baseline,32,,4,315.0365153764613,237.2159968316338,396.21725140327516,600.1836751501493,nan,nan,nan,4,0,0
MATH500,False,within_family_vs_sequential,DFlash-Original-DDTree-B64,Sequential-Baseline,64,,4,327.4196735021512,253.29252874268582,401.54681826161675,623.6212560115373,nan,nan,nan,4,0,0
MATH500,False,controlled,DFlash-Original-DDTree-B16,Raw-DFlash,16,,4,4.494362843825968,-25.43324257644366,47.18270862094849,4.58546075893444,nan,nan,nan,1,0,3
MATH500,False,controlled,DFlash-Original-DDTree-B32,Raw-DFlash,32,,4,12.401497440285823,-22.897230710501503,47.70022559107315,8.14062904295547,nan,nan,nan,2,0,2
MATH500,False,controlled,DFlash-Original-DDTree-B64,Raw-DFlash,64,,4,24.78465556597577,-15.024088070527014,77.92093666071949,13.172163447102456,nan,nan,nan,2,0,2
MATH500,False,within_family_vs_sequential,Raw-DFlash2,Sequential-Baseline,,,4,130.8213731705456,108.50760312347722,154.0530679750982,247.64595217416047,nan,nan,nan,4,0,0
MATH500,False,within_family_vs_sequential,DFlash2-Original-DDTree-B7,Sequential-Baseline,7,,4,109.43938336045721,82.27438782389714,138.8660195388975,207.1249526265692,nan,nan,nan,4,0,0
MATH500,False,within_family_vs_sequential,DFlash2-Original-DDTree-B16,Sequential-Baseline,16,,4,116.94646871202013,98.51353965387646,135.3793977701638,221.30402601384526,nan,nan,nan,4,0,0
MATH500,False,within_family_vs_sequential,DFlash2-Original-DDTree-B32,Sequential-Baseline,32,,4,127.44238848285902,101.93577563408331,152.94900133163475,241.21019266236834,nan,nan,nan,4,0,0
MATH500,False,within_family_vs_sequential,DFlash2-Original-DDTree-B64,Sequential-Baseline,64,,4,124.39962768154993,104.90492449155818,143.89433087154168,235.44914468085327,nan,nan,nan,4,0,0
MATH500,False,within_family_vs_sequential,DFlash2-Pairwise-K16-B7,Sequential-Baseline,7,,4,133.83700501327783,112.14940557734256,163.7144350767269,253.3098954722721,nan,nan,nan,4,0,0
MATH500,False,within_family_vs_sequential,DFlash2-Pairwise-K16-B16,Sequential-Baseline,16,,4,136.6136748158464,116.67369549193253,156.87662441910814,258.4695810167348,nan,nan,nan,4,0,0
MATH500,False,within_family_vs_sequential,DFlash2-Pairwise-K16-B32,Sequential-Baseline,32,,4,144.5525733776416,134.74811938838627,158.09439539402962,273.5588789569151,nan,nan,nan,4,0,0
MATH500,False,within_family_vs_sequential,DFlash2-Pairwise-K16-B64,Sequential-Baseline,64,,4,152.56884408016475,136.9992942394833,161.4419167742627,288.5832837375419,nan,nan,nan,4,0,0
MATH500,False,within_family_vs_sequential,DFlash2-Unary-K16-B32,Sequential-Baseline,32,,4,126.47314545021183,100.59501074853722,152.35128015188644,239.40967147849233,nan,nan,nan,4,0,0
MATH500,False,within_family_vs_sequential,DFlash2-Unary-K16-B64,Sequential-Baseline,64,,4,132.28746116951845,113.32360073204612,151.25132160699076,250.38639617709813,nan,nan,nan,4,0,0
MT-Controlled,True,controlled,DFlash2-Pairwise-K16-B16,DFlash2-Original-DDTree-B16,16,16,4,1.1838961769615715,-6.746907466047119,9.114699819970262,1.618966335119566,nan,nan,nan,2,0,2
MT-Controlled,False,controlled,DFlash2-Pairwise-K16-B7,DFlash2-Original-DDTree-B7,7,7,4,1.843121794553987,-5.346406616267082,7.250809442023602,3.1044255095703566,nan,nan,nan,3,0,1
MT-Controlled,False,controlled,DFlash2-Pairwise-K16-B32,DFlash2-Original-DDTree-B32,32,32,4,3.494308390374158,-2.627380525082735,9.615997305831051,2.320033234157162,nan,nan,nan,2,0,2
MT-Controlled,False,controlled,DFlash2-Pairwise-K16-B64,DFlash2-Original-DDTree-B64,64,64,4,9.621953637730972,3.332711264285102,15.911196011176841,9.486116682296768,nan,nan,nan,4,0,0
MT-Controlled,False,controlled,DFlash2-Pairwise-K16-B7,Raw-DFlash2,7,,4,8.271548617334862,3.938069972700152,11.31256456991764,9.829725860212251,nan,nan,nan,4,0,0
MT-Controlled,False,controlled,DFlash2-Pairwise-K16-B32,DFlash2-Unary-K16-B32,32,32,4,3.526371390892848,-3.145877043129701,10.198619824915397,2.4442963062490324,nan,nan,nan,2,0,2
MT-Controlled,False,controlled,DFlash2-Pairwise-K16-B64,DFlash2-Unary-K16-B64,64,64,4,3.2559071753195,-2.200025149448102,8.711839500087102,3.5421860342866065,nan,nan,nan,2,0,2
MT-Controlled,False,cross_drafter,DFlash2-Pairwise-K16-B16,Raw-DFlash,16,,4,-6.2730530962733795,-35.826344416817776,11.459181383217352,0.4935098740725512,-0.13344845032459746,-0.7170335437633102,0.22042740746553152,3,0,1
MT-Controlled,False,cross_drafter,DFlash2-Pairwise-K16-B16,DFlash-Original-DDTree-B16,16,16,4,-22.574621753657578,-40.32916404465147,-9.095947296191653,-14.698794814763582,-0.44461075819859425,-0.8001478235952898,-0.1619772054174854,0,0,4
MT-Controlled,False,cross_drafter,DFlash2-Pairwise-K16-B32,Raw-DFlash,32,,4,1.8428477062831377,-22.2101398532833,17.788337311461518,7.242411532538811,0.020829073049112468,-0.4566161388102432,0.33904377338226516,3,0,1
MT-Controlled,False,cross_drafter,DFlash2-Pairwise-K16-B32,DFlash-Original-DDTree-B32,32,32,4,-18.025146782132122,-29.20710173061219,-7.925514640698964,-11.707948547782188,-0.3581378614200564,-0.5899155062525274,-0.13905157192252193,0,0,4
MT-Controlled,False,cross_drafter,DFlash2-Pairwise-K16-B64,Raw-DFlash,64,,4,11.152128150107938,-13.873459376693148,26.640966570324668,16.694517519426917,0.1976791806049532,-0.30846438978637114,0.5175575536247587,3,0,1
MT-Controlled,False,cross_drafter,DFlash2-Pairwise-K16-B64,DFlash-Original-DDTree-B64,64,64,4,-28.188236480614535,-62.156537106984125,-2.0359898599825677,-13.48467854642302,-0.5546498651683927,-1.2237502437190586,-0.03835064697552926,1,0,3
MT-Controlled,False,within_family_vs_sequential,Raw-DFlash,Sequential-Baseline,,,4,68.02259401638466,30.381334828941114,123.52128192419426,130.3200486430433,nan,nan,nan,4,0,0
MT-Controlled,False,within_family_vs_sequential,DFlash-Original-DDTree-B16,Sequential-Baseline,16,,4,84.32416267376885,48.6191986162271,129.56930662978957,161.43627943044297,nan,nan,nan,4,0,0
MT-Controlled,False,within_family_vs_sequential,DFlash-Original-DDTree-B32,Sequential-Baseline,32,,4,87.89058850479992,51.61365183249182,132.73117905876967,168.21674208996015,nan,nan,nan,4,0,0
MT-Controlled,False,within_family_vs_sequential,DFlash-Original-DDTree-B64,Sequential-Baseline,64,,4,107.36295864710713,59.96150761915469,170.9011432945789,205.55295322037787,nan,nan,nan,4,0,0
MT-Controlled,False,controlled,DFlash-Original-DDTree-B16,Raw-DFlash,16,,4,16.3015686573842,6.048024705595303,24.6188174792713,17.177637097629876,nan,nan,nan,4,0,0
MT-Controlled,False,controlled,DFlash-Original-DDTree-B32,Raw-DFlash,32,,4,19.86799448841526,8.591421037657177,29.161769327119657,20.98209570290874,nan,nan,nan,4,0,0
MT-Controlled,False,controlled,DFlash-Original-DDTree-B64,Raw-DFlash,64,,4,39.340364630722476,29.58017279021358,47.673068477982625,34.52538841291687,nan,nan,nan,4,0,0
MT-Controlled,False,within_family_vs_sequential,Raw-DFlash2,Sequential-Baseline,,,4,42.83630120183099,25.291913071840035,67.04522675078097,81.36778998225368,nan,nan,nan,4,0,0
MT-Controlled,False,within_family_vs_sequential,DFlash2-Original-DDTree-B7,Sequential-Baseline,7,,4,49.26472802461186,30.082608312644552,77.83945493189248,93.59776986820515,nan,nan,nan,4,0,0
MT-Controlled,False,within_family_vs_sequential,DFlash2-Original-DDTree-B16,Sequential-Baseline,16,,4,60.369295372621714,38.74937076397756,91.89577958634004,114.69503742661414,nan,nan,nan,4,0,0
MT-Controlled,False,within_family_vs_sequential,DFlash2-Original-DDTree-B32,Sequential-Baseline,32,,4,66.17478396176564,44.34207569387156,92.63384041772849,125.75938944832514,nan,nan,nan,4,0,0
MT-Controlled,False,within_family_vs_sequential,DFlash2-Original-DDTree-B64,Sequential-Baseline,64,,4,69.35641915823363,40.349504350513094,104.20834781901357,131.78996540031264,nan,nan,nan,4,0,0
MT-Controlled,False,within_family_vs_sequential,DFlash2-Pairwise-K16-B7,Sequential-Baseline,7,,4,51.10784981916585,35.95065521542301,71.53066214057921,97.11877347597793,nan,nan,nan,4,0,0
MT-Controlled,False,within_family_vs_sequential,DFlash2-Pairwise-K16-B16,Sequential-Baseline,16,,4,61.55319154958329,35.91675033032832,89.16538873090373,116.97520361058352,nan,nan,nan,4,0,0
MT-Controlled,False,within_family_vs_sequential,DFlash2-Pairwise-K16-B32,Sequential-Baseline,32,,4,69.6690923521398,41.85650058564206,102.84220089571443,132.40295594795452,nan,nan,nan,4,0,0
MT-Controlled,False,within_family_vs_sequential,DFlash2-Pairwise-K16-B64,Sequential-Baseline,64,,4,78.9783727959646,56.768068173000614,108.2837367026132,150.0879667035386,nan,nan,nan,4,0,0
MT-Controlled,False,within_family_vs_sequential,DFlash2-Unary-K16-B32,Sequential-Baseline,32,,4,66.14272096124695,44.81377695658779,92.78461584678148,125.69225370903199,nan,nan,nan,4,0,0
MT-Controlled,False,within_family_vs_sequential,DFlash2-Unary-K16-B64,Sequential-Baseline,64,,4,75.7224656206451,48.12145749938445,110.87157117873753,143.89127877850166,nan,nan,nan,4,0,0
MT-Native,True,controlled,DFlash2-Pairwise-K16-B16,DFlash2-Original-DDTree-B16,16,16,4,1.5151404055859246,-6.805498798739826,9.835779609911675,2.071736871544119,nan,nan,nan,2,0,2
MT-Native,False,controlled,DFlash2-Pairwise-K16-B7,DFlash2-Original-DDTree-B7,7,7,4,2.6647970802948855,-4.734645861887778,8.37077993385633,4.078583260424882,nan,nan,nan,3,0,1
MT-Native,False,controlled,DFlash2-Pairwise-K16-B32,DFlash2-Original-DDTree-B32,32,32,4,3.7561455287066856,-0.8037729027890492,8.31606396020242,2.5936865591487215,nan,nan,nan,3,0,1
MT-Native,False,controlled,DFlash2-Pairwise-K16-B64,DFlash2-Original-DDTree-B64,64,64,4,9.784903317883053,3.514489759971461,16.055316875794645,9.643505102418308,nan,nan,nan,4,0,0
MT-Native,False,controlled,DFlash2-Pairwise-K16-B7,Raw-DFlash2,7,,4,7.905244204504772,3.279815681318862,11.610594024494546,9.632763696578632,nan,nan,nan,4,0,0
MT-Native,False,controlled,DFlash2-Pairwise-K16-B32,DFlash2-Unary-K16-B32,32,32,4,3.0185561709379805,-1.8814318196858153,9.48313208875729,1.7508590546650202,nan,nan,nan,2,0,2
MT-Native,False,controlled,DFlash2-Pairwise-K16-B64,DFlash2-Unary-K16-B64,64,64,4,4.4682342411106575,-0.7152827685965377,9.651751250817853,4.627420518680114,nan,nan,nan,2,0,2
MT-Native,False,cross_drafter,DFlash2-Pairwise-K16-B16,Raw-DFlash,16,,4,-8.28036588115637,-37.2234281083764,8.561368694048724,-1.5491274015731484,-0.13480301037431147,-0.7050575567688027,0.1893688332103865,3,0,1
MT-Native,False,cross_drafter,DFlash2-Pairwise-K16-B16,DFlash-Original-DDTree-B16,16,16,4,-23.565081988605307,-38.502120510465446,-11.192772430897527,-16.00736170668217,-0.4274597106132895,-0.7327261109482532,-0.1871610529809863,0,0,4
MT-Native,False,cross_drafter,DFlash2-Pairwise-K16-B32,Raw-DFlash,32,,4,0.18551826220221201,-23.80713519501625,15.54912262624767,5.554329107316952,0.029188211297440148,-0.4498752320193451,0.32871352454411024,3,0,1
MT-Native,False,cross_drafter,DFlash2-Pairwise-K16-B32,DFlash-Original-DDTree-B32,32,32,4,-19.775190283685042,-30.746428079324353,-9.385523415530749,-13.058384325841224,-0.3531982429891974,-0.5851030594620665,-0.15036301005680797,0,0,4
MT-Native,False,cross_drafter,DFlash2-Pairwise-K16-B64,Raw-DFlash,64,,4,9.839181887302505,-14.460696793860524,24.928103116451716,15.306207361197071,0.2171933754823091,-0.2652328597885355,0.5233669973247114,3,0,1
MT-Native,False,cross_drafter,DFlash2-Pairwise-K16-B64,DFlash-Original-DDTree-B64,64,64,4,-29.59769667494356,-63.26316199072783,-3.3467876778790036,-14.584265674768764,-0.5394834043988579,-1.2111785168100218,-0.020699362893506434,1,0,3
MT-Native,False,within_family_vs_sequential,Raw-DFlash,Sequential-Baseline,,,4,67.81560380261283,30.305878189261186,123.13745214529163,130.28832635130237,nan,nan,nan,4,0,0
MT-Native,False,within_family_vs_sequential,DFlash-Original-DDTree-B16,Sequential-Baseline,16,,4,83.10031991006176,48.62755202503229,125.80193790334812,159.55399637520017,nan,nan,nan,4,0,0
MT-Native,False,within_family_vs_sequential,DFlash-Original-DDTree-B32,Sequential-Baseline,32,,4,87.77631234850007,51.735560446740706,132.04524731751445,168.52697177996612,nan,nan,nan,4,0,0
MT-Native,False,within_family_vs_sequential,DFlash-Original-DDTree-B64,Sequential-Baseline,64,,4,107.25248236485889,59.72215180600446,170.361057023918,205.95600433941905,nan,nan,nan,4,0,0
MT-Native,False,controlled,DFlash-Original-DDTree-B16,Raw-DFlash,16,,4,15.284716107448936,2.6644857580565002,25.137867525691732,16.69173043265152,nan,nan,nan,3,0,1
MT-Native,False,controlled,DFlash-Original-DDTree-B32,Raw-DFlash,32,,4,19.960708545887254,8.907795172222809,29.54464820795944,21.00546921809633,nan,nan,nan,4,0,0
MT-Native,False,controlled,DFlash-Original-DDTree-B64,Raw-DFlash,64,,4,39.436878562246065,29.416273616743275,48.014266518739625,34.68909475310883,nan,nan,nan,4,0,0
MT-Native,False,within_family_vs_sequential,Raw-DFlash2,Sequential-Baseline,,,4,42.32673919092616,25.56348935032748,67.09697379760811,82.04914372233745,nan,nan,nan,4,0,0
MT-Native,False,within_family_vs_sequential,DFlash2-Original-DDTree-B7,Sequential-Baseline,7,,4,47.56718631513605,28.867389870142183,75.89655635959406,92.19758516673458,nan,nan,nan,4,0,0
MT-Native,False,within_family_vs_sequential,DFlash2-Original-DDTree-B16,Sequential-Baseline,16,,4,58.70728021277913,37.176996790503104,90.71812996477878,113.81994979663867,nan,nan,nan,4,0,0
MT-Native,False,within_family_vs_sequential,DFlash2-Original-DDTree-B32,Sequential-Baseline,32,,4,64.93215923301695,42.61135835190054,92.12204981678391,125.95743991454052,nan,nan,nan,4,0,0
MT-Native,False,within_family_vs_sequential,DFlash2-Original-DDTree-B64,Sequential-Baseline,64,,4,68.55706506894089,40.20954001254046,102.80150819980868,132.9446840697643,nan,nan,nan,4,0,0
MT-Native,False,within_family_vs_sequential,DFlash2-Pairwise-K16-B7,Sequential-Baseline,7,,4,50.23198339543094,35.105311697652326,70.37678947892698,97.45172642392015,nan,nan,nan,4,0,0
MT-Native,False,within_family_vs_sequential,DFlash2-Pairwise-K16-B16,Sequential-Baseline,16,,4,60.22242061836506,35.01691227171949,87.58785609040848,116.80802531387121,nan,nan,nan,4,0,0
MT-Native,False,within_family_vs_sequential,DFlash2-Pairwise-K16-B32,Sequential-Baseline,32,,4,68.68830476172364,41.02288193129091,101.45362087326211,133.20714748104638,nan,nan,nan,4,0,0
MT-Native,False,within_family_vs_sequential,DFlash2-Pairwise-K16-B64,Sequential-Baseline,64,,4,78.34196838682392,55.837068271027405,107.25269666826219,152.00766389953327,nan,nan,nan,4,0,0
MT-Native,False,within_family_vs_sequential,DFlash2-Unary-K16-B32,Sequential-Baseline,32,,4,65.66974859078566,43.36020054904334,91.01065102938426,127.40605276601163,nan,nan,nan,4,0,0
MT-Native,False,within_family_vs_sequential,DFlash2-Unary-K16-B64,Sequential-Baseline,64,,4,73.87373414571327,46.48966446021015,108.11709152067047,143.2785420970965,nan,nan,nan,4,0,0
