method_key,method,budget,rounds,commit_milliseconds_per_round,draft_milliseconds_per_round,tree_build_milliseconds_per_round,tree_compile_milliseconds_per_round,verify_milliseconds_per_round,other_milliseconds_per_round,total_milliseconds_per_round
dflash2,DFlash2-GreedyPath,7,17806,0.565374945242353,12.716507506205138,0.0,0.0,40.571456151248114,0.14796804444565936,54.00130664714127
dflash2_unary_k16_tb8,Unary-FullMass,8,17972,2.0048485449646307,14.052705382427893,0.736214665202676,0.23463156327224627,39.320827644665385,0.15987648780425365,56.509104288337085
dflash2_unary_k16_tb16,Unary-FullMass,16,16606,2.005652311031634,14.04925277561791,0.974232257081648,0.23482566903651383,39.001509243822184,0.162203753105436,56.427676009695325
dflash2_unary_k16_tb32,Unary-FullMass,32,15986,2.009473836042967,14.050926346362184,1.4479470413434146,0.23600764312755465,38.84991871664144,0.16653058613039948,56.760804169647955
dflash2_unary_k16_tb64,Unary-FullMass,64,15847,2.020006449279452,14.050118690606674,2.3821481266393043,0.23678831545941392,39.27890974859385,0.17410613449313686,58.14207746507183
dflash2_pairwise_k16_tb8,Pairwise-MassPreserving,8,16347,2.001016772744628,14.031201259251828,0.9108146348604113,0.23435705186805425,39.31844449463678,0.16012024250331236,56.65595445586502
dflash2_pairwise_k16_tb16,Pairwise-MassPreserving,16,15503,2.004164214674082,14.037238309425375,1.1612160336081916,0.234726923626574,38.98615843493729,0.16264071154209178,56.5861446278136
dflash2_pairwise_k16_tb32,Pairwise-MassPreserving,32,14744,2.011148612239891,14.045724423022978,1.6509100542696578,0.2359725897954083,38.874896580368315,0.16692320673045732,56.98557546642671
dflash2_pairwise_k16_tb64,Pairwise-MassPreserving,64,14258,2.0266795753282056,14.072740563419885,2.620861833967072,0.23745734296719534,39.39811101522284,0.17472654902203608,58.53057687992723
