dataset,is_primary,comparison_type,left_method,right_method,prompts,matched_tokens_gain,committed_tokens_gain,target_calls_avoided,draft_stage_ms_per_call_left,draft_stage_ms_per_call_right,draft_stage_ms_per_call_change,tree_overhead_ms_per_call,verify_stage_ms_per_call_left,verify_stage_ms_per_call_right,verify_stage_ms_per_call_change,net_tokens_per_second_gain
GSM8K,True,controlled,DFlash2-Pairwise-K16-B16,DFlash2-Original-DDTree-B16,128,0.47564449450997803,0.4725852737280206,3.609375,8.093039314831415,8.108134609558661,-0.0150952947272458,0.12489257842308571,21.879064488510345,21.86458887252757,0.014475615982775025,13.467676845269342
GSM8K,False,controlled,DFlash2-Pairwise-K16-B7,DFlash2-Original-DDTree-B7,128,0.2238131219715646,0.2206202412904335,2.203125,8.084532881362414,8.078412123136358,0.0061207582260554005,0.09639046272948265,21.652158480458503,21.647467155127217,0.004691325331286578,6.366801596188354
GSM8K,False,controlled,DFlash2-Pairwise-K16-B32,DFlash2-Original-DDTree-B32,128,0.5192043267836663,0.5171344166417934,3.625,8.092903672581727,8.105879063377682,-0.012975390795954667,-0.14611038758866854,21.959578946464273,21.952812211310768,0.00676673515350501,15.96375447754714
GSM8K,False,controlled,DFlash2-Pairwise-K16-B64,DFlash2-Original-DDTree-B64,128,0.5516772630639488,0.5497679555828208,3.609375,8.085002996779549,8.120865376608585,-0.03586237982903562,-1.81171939886387,21.832586754432004,21.866152418112655,-0.03356566368065117,24.876403252083836
GSM8K,False,controlled,DFlash2-Pairwise-K16-B7,Raw-DFlash2,128,0.29043928889225945,0.28835685758111196,3.0859375,8.084532881362414,7.319468075443737,0.7650648059186764,0.7848682924325269,21.652158480458503,22.513758938959562,-0.8616004585010586,2.608304352555
GSM8K,False,controlled,DFlash2-Pairwise-K16-B32,DFlash2-Unary-K16-B32,128,0.5119024814723108,0.5101823811269441,3.5625,8.092903672581727,8.094221516238168,-0.0013178436564409424,0.13839221457544973,21.959578946464273,21.914387091629113,0.04519185483515997,14.09655678343757
GSM8K,False,controlled,DFlash2-Pairwise-K16-B64,DFlash2-Unary-K16-B64,128,0.5585412809846493,0.5565676091438575,3.6875,8.085002996779549,8.099225249535122,-0.014222252755573095,0.15808894276452096,21.832586754432004,21.807624327720404,0.02496242671159976,15.256827924121652
GSM8K,False,cross_drafter,DFlash2-Pairwise-K16-B16,Raw-DFlash,128,-0.5195563487620836,-0.541762192517023,-1.96875,8.093039314831415,4.513556014394996,3.5794833004364195,0.9580872584377965,21.879064488510345,21.21149872009048,0.6675657684198661,-56.1802350531002
GSM8K,False,cross_drafter,DFlash2-Pairwise-K16-B16,DFlash-Original-DDTree-B16,128,-1.437897455600643,-1.4601032993555825,-7.1953125,8.093039314831415,4.5149161109150135,3.5781232039164017,0.4711398652375862,21.879064488510345,20.305953400100286,1.5731110884100588,-84.43365612795091
GSM8K,False,cross_drafter,DFlash2-Pairwise-K16-B32,Raw-DFlash,128,-0.1635455828501787,-0.18695339123409008,0.4765625,8.092903672581727,4.513556014394996,3.579347658186731,1.25488535570432,21.959578946464273,21.21149872009048,0.7480802263737942,-47.73335787399225
GSM8K,False,cross_drafter,DFlash2-Pairwise-K16-B32,DFlash-Original-DDTree-B32,128,-1.642208802263986,-1.6656166106478976,-7.0859375,8.092903672581727,4.516656030201858,3.576247642379869,0.7289645274058855,21.959578946464273,20.402342892670355,1.5572360537939183,-93.71053024761426
GSM8K,False,cross_drafter,DFlash2-Pairwise-K16-B64,Raw-DFlash,128,0.05323045514881123,0.02973200445997999,1.859375,8.085002996779549,4.513556014394996,3.571446982384553,1.8421419195671789,21.832586754432004,21.21149872009048,0.6210880343415255,-43.95226703966436
GSM8K,False,cross_drafter,DFlash2-Pairwise-K16-B64,DFlash-Original-DDTree-B64,128,-1.8334076363342005,-1.8569060870230318,-7.3828125,8.085002996779549,4.504378036992123,3.580624959787426,1.2487875894914777,21.832586754432004,20.201608709160624,1.6309780452713802,-105.43388082732949
HumanEval,True,controlled,DFlash2-Pairwise-K16-B16,DFlash2-Original-DDTree-B16,164,0.377979721311983,0.37693017129286,3.810975609756092,8.23536344109339,8.250748759210973,-0.015385318117582258,0.13620909629693723,22.093537955973755,22.09002897175447,0.003508984219283917,10.664450970306515
HumanEval,False,controlled,DFlash2-Pairwise-K16-B7,DFlash2-Original-DDTree-B7,164,0.1952137849155855,0.1945715902660589,2.5670731707317103,8.230866392194859,8.237172305359689,-0.006305913164830201,0.1102471473252119,21.910935219047435,21.936183145537054,-0.025247926489619488,5.61595088485054
HumanEval,False,controlled,DFlash2-Pairwise-K16-B32,DFlash2-Original-DDTree-B32,164,0.4513887125576151,0.4505944568406015,4.176829268292678,8.245670254895971,8.277422555574894,-0.03175230067892265,-0.18092232751799803,22.270569044362563,22.32052865059078,-0.04995960622821727,14.292676499988087
HumanEval,False,controlled,DFlash2-Pairwise-K16-B64,DFlash2-Original-DDTree-B64,164,0.503935888972193,0.5026049754753599,4.128048780487802,8.231394560795879,8.264419381548143,-0.03302482075226365,-2.0648343839651577,22.122350372164046,22.151902582244663,-0.029552210080616703,23.30924817004577
HumanEval,False,controlled,DFlash2-Pairwise-K16-B7,Raw-DFlash2,164,0.3150825855505939,0.31395382698200197,4.475609756097562,8.230866392194859,7.461059758454454,0.769806633740405,0.8146490565583777,21.910935219047435,22.834309810969817,-0.9233745919223821,4.012005492715492
HumanEval,False,controlled,DFlash2-Pairwise-K16-B32,DFlash2-Unary-K16-B32,164,0.4573274032741275,0.4562353961988197,4.25,8.245670254895971,8.275147012815504,-0.029476757919532304,0.14038816318951677,22.270569044362563,22.30170158865785,-0.03113254429528567,12.935478246792933
HumanEval,False,controlled,DFlash2-Pairwise-K16-B64,DFlash2-Unary-K16-B64,164,0.5015505377064681,0.4998803965144018,4.091463414634148,8.231394560795879,8.260840493890536,-0.029445933094656596,0.14932946508638195,22.122350372164046,22.14212708760214,-0.019776715438094783,13.890634798888186
HumanEval,False,cross_drafter,DFlash2-Pairwise-K16-B16,Raw-DFlash,164,-1.4954920609166544,-1.5119742557614557,-8.859756097560975,8.23536344109339,4.597788743724968,3.6375746973684224,1.0005853136241158,22.093537955973755,21.65762791485743,0.43591004111632614,-84.16144205557715
HumanEval,False,cross_drafter,DFlash2-Pairwise-K16-B16,DFlash-Original-DDTree-B16,164,-2.394411847149321,-2.410894041994122,-14.170731707317074,8.23536344109339,4.59369260785408,3.641670833239311,0.49926152278840286,22.093537955973755,20.709695367818156,1.3838425881555985,-110.43128399150471
HumanEval,False,cross_drafter,DFlash2-Pairwise-K16-B32,Raw-DFlash,164,-1.115240353200057,-1.1323910417307093,-5.243902439024389,8.245670254895971,4.597788743724968,3.6478815111710032,1.3245965056949247,22.270569044362563,21.65762791485743,0.6129411295051348,-75.48759713620206
HumanEval,False,cross_drafter,DFlash2-Pairwise-K16-B32,DFlash-Original-DDTree-B32,164,-2.7105538794165165,-2.7277045679471685,-13.481707317073173,8.245670254895971,4.5903389504813,3.6553313044146716,0.7819308199535319,22.270569044362563,20.826678606820902,1.4438904375416612,-123.26321397411168
HumanEval,False,cross_drafter,DFlash2-Pairwise-K16-B64,Raw-DFlash,164,-0.8310794380425622,-0.849685787504081,-2.9878048780487774,8.231394560795879,4.597788743724968,3.6336058170709107,1.9498421517990543,22.122350372164046,21.65762791485743,0.46472245730661754,-69.52621606435959
HumanEval,False,cross_drafter,DFlash2-Pairwise-K16-B64,DFlash-Original-DDTree-B64,164,-2.8134212698398073,-2.8320276193013263,-12.902439024390244,8.231394560795879,4.585051275639893,3.646343285155986,1.333610333019959,22.122350372164046,20.663957187677543,1.4583931844865035,-131.60616111750687
MATH500,True,controlled,DFlash2-Pairwise-K16-B16,DFlash2-Original-DDTree-B16,128,0.5296992739136643,0.5259821054664326,4.3515625,7.8577248182793475,7.874230122752447,-0.016505304473099613,0.1258613065696752,21.29989734110341,21.304020034806502,-0.00412269370309204,15.632208114106845
MATH500,False,controlled,DFlash2-Pairwise-K16-B7,DFlash2-Original-DDTree-B7,128,0.2758119361054766,0.27679288356436776,2.890625,7.845200704746195,7.868538898414805,-0.023338193668609897,0.09603200656972768,21.05545305557836,21.12408084311942,-0.06862778754105747,8.878933937502179
MATH500,False,controlled,DFlash2-Pairwise-K16-B32,DFlash2-Original-DDTree-B32,128,0.6114156334812896,0.6078773004330895,4.40625,7.855905787846613,7.868063365307878,-0.012157577461265667,-0.1507153002268389,21.38604328109728,21.387226997568774,-0.0011837164714947335,19.30002012003112
MATH500,False,controlled,DFlash2-Pairwise-K16-B64,DFlash2-Original-DDTree-B64,128,0.6355774689832474,0.6329854170918348,4.3203125,7.839670722149903,7.866200892620569,-0.026530170470665304,-1.8406838368693472,21.226589519178077,21.245810015301647,-0.019220496123569575,28.28375521358719
MATH500,False,controlled,DFlash2-Pairwise-K16-B7,Raw-DFlash2,128,0.28528777610859024,0.28437488080288176,3.2890625,7.845200704746195,7.11012552646207,0.7350751782841245,0.7738640487533396,21.05545305557836,21.95622121603469,-0.9007681604563302,2.7530233662092836
MATH500,False,controlled,DFlash2-Pairwise-K16-B32,DFlash2-Unary-K16-B32,128,0.6156373383109522,0.6129855461784586,4.484375,7.855905787846613,7.864857247337966,-0.00895145949135312,0.1365960432206774,21.38604328109728,21.3591605809034,0.026882700193880282,17.733249511628912
MATH500,False,controlled,DFlash2-Pairwise-K16-B64,DFlash2-Unary-K16-B64,128,0.6366714370074585,0.634087725159262,4.3203125,7.839670722149903,7.871018502138488,-0.03134777998858507,0.14670892831054688,21.226589519178077,21.256763628854195,-0.030174109676117666,18.512726475159962
MATH500,False,cross_drafter,DFlash2-Pairwise-K16-B16,Raw-DFlash,128,-1.4369930956871673,-1.4581085185875349,-5.6171875,7.8577248182793475,4.493159721811497,3.3645650964678504,0.9479088454323009,21.29989734110341,21.221500617927898,0.07839672317551205,-84.06070971418913
MATH500,False,cross_drafter,DFlash2-Pairwise-K16-B16,DFlash-Original-DDTree-B16,128,-2.0769647144673273,-2.0980801373676954,-9.3671875,7.8577248182793475,4.504124902204311,3.3535999160750363,0.4612966088587994,21.29989734110341,20.36328623370813,0.9366111073952794,-101.1710738303183
MATH500,False,cross_drafter,DFlash2-Pairwise-K16-B32,Raw-DFlash,128,-1.106984913591349,-1.1294392162878961,-3.3828125,7.855905787846613,4.493159721811497,3.3627460660351156,1.2458802261721564,21.38604328109728,21.221500617927898,0.1645426631693816,-76.34663712517721
MATH500,False,cross_drafter,DFlash2-Pairwise-K16-B32,DFlash-Original-DDTree-B32,128,-2.4272788284446887,-2.449733131141236,-9.90625,7.855905787846613,4.494591537857614,3.3613142499889985,0.7210084974956078,21.38604328109728,20.401464912141655,0.9845783689556242,-115.54969005717889
MATH500,False,cross_drafter,DFlash2-Pairwise-K16-B64,Raw-DFlash,128,-0.885461340434206,-0.9077038203422373,-1.8359375,7.839670722149903,4.493159721811497,3.346511000338406,1.8326956750806715,21.226589519178077,21.221500617927898,0.005088901250179134,-72.08912712448789
MATH500,False,cross_drafter,DFlash2-Pairwise-K16-B64,DFlash-Original-DDTree-B64,128,-2.720905270188185,-2.7431477500962167,-10.0234375,7.839670722149903,4.485414315822803,3.3542564063271003,1.239169637538936,21.226589519178077,20.208906292406184,1.0176832267718936,-130.3707656484506
MT-Bench-controlled,True,controlled,DFlash2-Pairwise-K16-B16,DFlash2-Original-DDTree-B16,80,0.24455153076591607,0.2412038873626051,6.712500000000006,7.688155344047874,7.710559234050112,-0.02240389000223786,0.12410192647476925,21.10681340361348,21.1041444226966,0.0026689809168800593,7.067716140053773
MT-Bench-controlled,False,controlled,DFlash2-Pairwise-K16-B7,DFlash2-Original-DDTree-B7,80,0.1605283976042816,0.1572491348496469,4.837500000000006,7.698965930697156,7.701465300294868,-0.002499369597711798,0.0988436644829726,20.88520765464572,20.900716837076267,-0.015509182430548663,4.652665250117925
MT-Bench-controlled,False,controlled,DFlash2-Pairwise-K16-B32,DFlash2-Original-DDTree-B32,80,0.3196890233166578,0.3198175924573743,7.637500000000003,7.679513171602937,7.6974663608785505,-0.01795318927561329,-0.17755039588486263,21.198602033946507,21.20753221138964,-0.008930177443133402,10.562854468257774
MT-Bench-controlled,False,controlled,DFlash2-Pairwise-K16-B64,DFlash2-Original-DDTree-B64,80,0.3394349103879068,0.335154504512503,7.375,7.670492600803425,7.706383082840449,-0.03589048203702383,-2.1274301561061564,21.113545359799513,21.158965519011353,-0.04542015921184017,18.1321999420372
MT-Bench-controlled,False,controlled,DFlash2-Pairwise-K16-B7,Raw-DFlash2,80,0.3513104280917743,0.34633661871283217,15.599999999999994,7.698965930697156,6.959469305730794,0.7394966249663621,0.7746608412942995,20.88520765464572,21.739200261670383,-0.8539926070246651,5.87730617915654
MT-Bench-controlled,False,controlled,DFlash2-Pairwise-K16-B32,DFlash2-Unary-K16-B32,80,0.30655154114585015,0.30469238689397865,7.4125000000000085,7.679513171602937,7.681551922168708,-0.0020387505657710747,0.13787034399946677,21.198602033946507,21.17542049397551,0.0231815399709987,8.696956290578425
MT-Bench-controlled,False,controlled,DFlash2-Pairwise-K16-B64,DFlash2-Unary-K16-B64,80,0.3402255908255511,0.33656867070593144,7.3125,7.670492600803425,7.680363164771643,-0.009870563968218171,0.33439388544601123,21.113545359799513,21.09180952721823,0.021735832581281755,8.848375554032632
MT-Bench-controlled,False,cross_drafter,DFlash2-Pairwise-K16-B16,Raw-DFlash,80,0.08754137936940606,0.06565060911438396,21.16250000000001,7.688155344047874,4.448364735139182,3.2397906089086916,0.9585473079096715,21.10681340361348,20.97474166765938,0.13207173595409927,-21.646725490202694
MT-Bench-controlled,False,cross_drafter,DFlash2-Pairwise-K16-B16,DFlash-Original-DDTree-B16,80,-0.7011167206269211,-0.7230074908819433,-5.2749999999999915,7.688155344047874,4.4341580901951545,3.2539972538527193,0.4721673260261526,21.10681340361348,20.08176238181195,1.0250510218015307,-46.93273386398896
MT-Bench-controlled,False,cross_drafter,DFlash2-Pairwise-K16-B32,Raw-DFlash,80,0.4058626317771126,0.3837622058194032,29.17500000000001,7.679513171602937,4.448364735139182,3.231148436463755,1.2754450611100299,21.198602033946507,20.97474166765938,0.22386036628712702,-13.672393498269084
MT-Bench-controlled,False,cross_drafter,DFlash2-Pairwise-K16-B32,DFlash-Original-DDTree-B32,80,-0.8016036427712561,-0.8237040687289655,-4.5249999999999915,7.679513171602937,4.424739122937429,3.2547740486655083,0.7506792739900344,21.198602033946507,20.16065884619927,1.0379431877472385,-52.56476079565332
MT-Bench-controlled,False,cross_drafter,DFlash2-Pairwise-K16-B64,Raw-DFlash,80,0.6519270381313923,0.6278005814428083,34.6375,7.670492600803425,4.448364735139182,3.222127865664243,2.087375307385422,21.113545359799513,20.97474166765938,0.138803692140133,-9.460486995173374
MT-Bench-controlled,False,cross_drafter,DFlash2-Pairwise-K16-B64,DFlash-Original-DDTree-B64,80,-0.9122438640087406,-0.9363703206973248,-4.5375000000000085,7.670492600803425,4.40415525517966,3.266337345623765,1.4915333023049684,21.113545359799513,20.00526268573976,1.1082826740597547,-61.235270664556865
MT-Bench-native,True,controlled,DFlash2-Pairwise-K16-B16,DFlash2-Original-DDTree-B16,80,0.2503852055760644,0.24653706223532296,6.925000000000011,7.631244376508986,7.644938487102424,-0.013694110593437614,0.12148394615659747,20.9245686222092,20.931160248500895,-0.006591626291694297,7.203852666387308
MT-Bench-native,False,controlled,DFlash2-Pairwise-K16-B7,DFlash2-Original-DDTree-B7,80,0.15187183989001182,0.14906011649167658,4.549999999999997,7.637076653344858,7.644293512322756,-0.007216858977898255,0.09178102656138126,20.70609791806161,20.717538599363227,-0.011440681301618127,4.509675796927125
MT-Bench-native,False,controlled,DFlash2-Pairwise-K16-B32,DFlash2-Original-DDTree-B32,80,0.3307484959641764,0.33029405848365706,7.8500000000000085,7.622498520813878,7.630827688724915,-0.008329167911037771,-0.15994684496095432,21.069130633900528,21.036923291172478,0.03220734272805004,10.680626180896617
MT-Bench-native,False,controlled,DFlash2-Pairwise-K16-B64,DFlash2-Original-DDTree-B64,80,0.33727164540631194,0.3333218970859792,6.549999999999997,7.601187850026923,7.633575594421329,-0.032387744394405615,-2.4889066188076705,20.943151229336014,20.99533826819323,-0.052187038857216095,18.703297888148192
MT-Bench-native,False,controlled,DFlash2-Pairwise-K16-B7,Raw-DFlash2,80,0.3446429782638162,0.33986605092482064,15.637500000000003,7.637076653344858,6.90535163931615,0.7317250140287079,0.7583948522238075,20.70609791806161,21.536379277886375,-0.8302813598247667,5.681731005888038
MT-Bench-native,False,controlled,DFlash2-Pairwise-K16-B32,DFlash2-Unary-K16-B32,80,0.3269862484571135,0.32429473053777075,8.212500000000006,7.622498520813878,7.62460463655008,-0.002106115736202341,0.13433951408643974,21.069130633900528,21.027884320667983,0.04124631323254491,9.31185173019712
MT-Bench-native,False,controlled,DFlash2-Pairwise-K16-B64,DFlash2-Unary-K16-B64,80,0.3565426198956355,0.35256693985474463,6.875,7.601187850026923,7.613121492998067,-0.011933642971143854,0.13343027538177535,20.943151229336014,20.957547618392873,-0.014396389056859249,10.375236794572752
MT-Bench-native,False,cross_drafter,DFlash2-Pairwise-K16-B16,Raw-DFlash,80,0.09156074661132606,0.06949759604592017,20.075000000000003,7.631244376508986,4.550640888432214,3.0806034880767728,0.9354632757876861,20.9245686222092,21.72915251274983,-0.8045838905406306,-15.317452293649861
MT-Bench-native,False,cross_drafter,DFlash2-Pairwise-K16-B16,DFlash-Original-DDTree-B16,80,-0.7066915839400004,-0.7287547345054064,-5.674999999999997,7.631244376508986,4.5290137963346435,3.102230580174343,0.44105357134280854,20.9245686222092,20.800908771349295,0.12365985085990516,-40.29426216668829
MT-Bench-native,False,cross_drafter,DFlash2-Pairwise-K16-B32,Raw-DFlash,80,0.4269395911029171,0.40471925482132604,28.625,7.622498520813878,4.550640888432214,3.071857632381664,1.2429150230205857,21.069130633900528,21.72915251274983,-0.6600218788493031,-6.951902320885557
MT-Bench-native,False,cross_drafter,DFlash2-Pairwise-K16-B32,DFlash-Original-DDTree-B32,80,-0.7892572754601078,-0.8114776117416987,-3.9624999999999915,7.622498520813878,4.514145169666672,3.1083533511472057,0.7113865102324258,21.069130633900528,20.866279396604618,0.20285123729590993,-44.98891482184408
MT-Bench-native,False,cross_drafter,DFlash2-Pairwise-K16-B64,Raw-DFlash,80,0.6596644189517081,0.6357293787426512,33.39999999999999,7.601187850026923,4.550640888432214,3.0505469615947094,1.8464875565014351,20.943151229336014,21.72915251274983,-0.7860012834138175,-2.0394215562476794
MT-Bench-native,False,cross_drafter,DFlash2-Pairwise-K16-B64,DFlash-Original-DDTree-B64,80,-0.9395479357020105,-0.9634829759110672,-5.3125,7.601187850026923,4.503257631681683,3.0979302183452404,1.243232948146912,20.943151229336014,20.741662406896847,0.20148882243916688,-53.29898985785756
