dataset,clusters,turns,budget,unary_matched,pairwise_matched,matched_gain,matched_ci_low,matched_ci_high,improve_clusters,tie_clusters,hurt_clusters,unary_full_block,pairwise_full_block,unary_tokens_per_second,pairwise_tokens_per_second,tokens_per_second_gain,relative_throughput_gain_percent,throughput_ci_low,throughput_ci_high,unary_milliseconds_per_token,pairwise_milliseconds_per_token,milliseconds_per_token_difference,pairwise_tree_build_overhead_ms_per_round
GSM8K,128,128,8,4.083254421141035,4.338625889495459,0.25537146835442337,0.2142661637301835,0.2954808916690298,110,7,11,0.2620638248735908,0.29988959537590754,89.78950521602971,93.93804280037784,4.148537584348131,4.620292287352433,3.3745697495278693,4.9099903853582605,11.243099495548424,10.727183290322978,-0.5159162052254471,0.17396508979790537
GSM8K,128,128,16,4.472918018465831,4.905684294097522,0.4327662756316911,0.3831120531973955,0.4832655731027318,121,4,3,0.3391136919643676,0.4208091046055313,96.70531207724936,103.91035778255204,7.205045705302684,7.450516988712272,6.2642258612457455,8.148717781844802,10.4255563923546,9.690928636106173,-0.7346277562484256,0.18984403250371729
GSM8K,128,128,32,4.739450303122912,5.248114457147726,0.5086641540248145,0.4607453213023555,0.5567024610302694,122,3,3,0.38333670205910503,0.49036400659970086,100.65774515864712,109.28193847217695,8.62419331352984,8.567838768827189,7.768304242141283,9.48337765193463,9.999558063966752,9.207151950137398,-0.7924061138293543,0.19722325039223976
GSM8K,128,128,64,4.9455961012394205,5.490918634866305,0.5453225336268843,0.49868665203279255,0.5911602188895517,123,4,1,0.4179000586182956,0.5409739321520919,101.73616603297343,110.79264836073185,9.056482327758424,8.901930042088624,8.194467650731918,9.884152471446285,9.892845986588977,9.07031257826985,-0.822533408319126,0.24021422764903733
MATH500,128,128,8,4.328888357831451,4.61578341654131,0.2868950587098596,0.2484633190584649,0.325082553645877,117,1,10,0.3237326912337379,0.36788570080944605,94.34051648166044,99.15523889516813,4.814722413507682,5.103557403614228,4.139002920460628,5.508036724976671,10.729934427652701,10.198232588405272,-0.5317018392474282,0.17459996965773528
MATH500,128,128,16,4.731839672859206,5.196662295026219,0.4648226221670128,0.4124764378991002,0.5186019225129951,122,1,5,0.40657936898609837,0.4929591267224955,101.57275698015502,109.57535075964947,8.002593779494434,7.878681269878258,7.044021904721868,8.96181577323362,9.947972584014181,9.207185146841084,-0.7407874371730963,0.18698377652654363
MATH500,128,128,32,4.975737019398218,5.530633034030762,0.554896014632544,0.5083284355312908,0.6055766297186813,125,1,2,0.4442424250275552,0.5642317166789872,105.35862400105657,114.69574463199608,9.337120630939502,8.862227197315965,8.490058915587962,10.284232870181611,9.574150163112526,8.765860630310176,-0.8082895328023513,0.2029630129262432
MATH500,128,128,64,5.190011101537239,5.749838361678119,0.5598272601408791,0.5143457412402241,0.6069062964111754,126,0,2,0.4843838298173584,0.6115061858662526,106.51968002246532,115.54133047279879,9.021650450333471,8.469468222614617,8.224921423518007,9.847598960755944,9.447326772305303,8.699920129695787,-0.7474066426095178,0.23871370732776764
HumanEval,164,164,8,3.5027119661858745,3.7053850582771166,0.20267309209124199,0.16884126600936444,0.23387753358909869,133,4,27,0.19658935935718516,0.21210434414331536,80.30875814040876,83.62760684772131,3.3188487073125446,4.132611167402186,2.7002921010067986,3.887144477385084,12.598453124789028,12.079614679094613,-0.5188384456944131,0.17829969550776326
HumanEval,164,164,16,3.891409915799559,4.219457170221806,0.3280472544222476,0.29221209134516263,0.3650348500228616,151,3,10,0.24981283795247555,0.2890894154281398,87.3239181498915,92.77939859802657,5.455480448135102,6.247406854523832,4.8103110691186295,6.1186021102297,11.56597957341173,10.883154307955271,-0.682825265456457,0.1909931679112652
HumanEval,164,164,32,4.195916242663434,4.614952515627618,0.4190362729641843,0.3819178782501777,0.45644840312678314,160,0,4,0.29191976894171706,0.35459212881000757,92.1248473173982,99.06506142119159,6.940214103793368,7.533487767835547,6.275796103138423,7.615131493138843,10.95863064857256,10.18185701396002,-0.776773634612541,0.20637169608136374
HumanEval,164,164,64,4.445562279197183,4.891761396141509,0.4461991169443268,0.40897319882969807,0.4825863116579473,161,1,2,0.3206968721964397,0.3947030998645615,94.01419773596275,101.26770185923033,7.253504123267575,7.715328426924321,6.60502938623111,7.893378918962387,10.730035051416305,9.946083252379662,-0.7839517990366434,0.23850355245623422
MT-Bench controlled-history,80,160,8,2.8757429393101575,3.046880610575839,0.17113767126568147,0.1267154297920537,0.21748728921681934,65,3,12,0.12971818375106237,0.1437497807644739,68.97561361769519,71.71937202839565,2.7437584107004573,3.9778673458536167,1.930390286854525,3.5853778051401144,15.622604155212809,15.041611958157569,-0.5809921970552414,0.1773580064849144
MT-Bench controlled-history,80,160,16,3.183448076146218,3.4613047342701444,0.2778566581239262,0.23019987243646603,0.32494409358048487,72,2,6,0.16589833378769414,0.19904338843848196,74.49635162424102,79.10953384912614,4.613182224885124,6.19249416153153,3.7721321718442233,5.449160629264612,14.399054495874651,13.597400150590953,-0.8016543452836972,0.19221225455282842
MT-Bench controlled-history,80,160,32,3.450387608674821,3.761726457074978,0.3113388484001579,0.2535119844147438,0.36893592477662235,75,2,3,0.19464091671810832,0.2353280542565077,78.8544025824718,84.01981803154847,5.165415449076652,6.550573309682076,4.085762878035087,6.221731693493053,13.53686902566493,12.711647048200925,-0.825221977464008,0.20530225066179608
MT-Bench controlled-history,80,160,64,3.645733110809612,4.021709098846927,0.3759759880373138,0.3180613984736618,0.4373164640946889,77,1,2,0.21348181627081902,0.26756040715965634,80.12516001181972,86.18893448127184,6.063774469452126,7.567878140346458,4.983280613847265,7.174771648251847,13.269962570110817,12.325747843062212,-0.9442147270486053,0.23985168148926173
MT-Bench native-trajectory,80,160,8,2.8752532320126756,3.0213486321217493,0.14609540010907388,0.10202680913453058,0.19046509636849618,61,3,16,0.12664893438624208,0.13765593330610085,69.01397981041492,71.20271640412867,2.1887365937137413,3.171439467375041,1.3324047316749843,3.0172663358471272,15.581445649071506,15.11982844364449,-0.46161720542701756,0.18538597470756224
MT-Bench native-trajectory,80,160,16,3.1964254774337624,3.4151604173535155,0.21873493991975393,0.16031970216390592,0.27653003594969916,65,3,12,0.1638254791181796,0.1898455445762233,74.73423001512442,78.35535103805282,3.6211210229284005,4.845331278847152,2.5821658772887277,4.645950283262595,14.351454030507222,13.73494735549466,-0.6165066750125588,0.19212505316146467
MT-Bench native-trajectory,80,160,32,3.4312065079890814,3.780799469929037,0.34959296193995504,0.28226753919675357,0.41902226631829204,72,3,5,0.18778792567324218,0.24070958537004997,78.43680001003892,84.16968398253849,5.732883972499567,7.308921286648397,4.525240636049601,6.969465515047787,13.63247582403427,12.703652204687653,-0.928823619346615,0.20833485762847004
MT-Bench native-trajectory,80,160,64,3.65132092419623,4.021709098846927,0.37038817465069623,0.3065208141809029,0.4376338182719746,77,1,2,0.21192063867928107,0.26756040715965634,80.24817704214544,86.1077329710848,5.859555928939353,7.301793193211081,4.720411195945971,7.027267250882959,13.248463166083116,12.355197604228104,-0.89326556185501,0.2613992530031837
